COURSE_SCHED_ID,STUDENT_ID,FINAL_GRADE,FINAL_SCORE
1,5,C,0.7777
1,20,A,0.9785
1,47,C,0.7253
2,2,C,0.7551
2,16,A,0.9158
2,17,B,0.8605
2,27,B,0.8260
2,28,C,0.7411
2,48,B,0.8845
2,53,B,0.8403
3,9,A,0.9107
3,30,A,0.9534
3,36,C,0.7124
3,39,B,0.8151
3,45,C,0.7985
3,49,B,0.8214
3,54,A,0.9579
4,7,A,0.9319
4,14,A,0.9230
4,34,C,0.7611
4,41,A,0.9737
4,42,A,0.9133
4,46,C,0.7774
5,22,A,0.9514
5,52,A,0.9422
6,18,B,0.8790
6,24,B,0.8848
6,37,B,0.8255
6,51,A,0.9448
7,8,A,0.9465
7,35,B,0.8433
7,40,C,0.7835
7,43,B,0.8822
7,44,A,0.9672
8,6,A,0.9414
8,19,C,0.7945
8,29,B,0.8677
9,1,A,0.9501
9,23,B,0.8453
9,26,A,0.9685
9,33,B,0.8468
9,38,C,0.7859
9,50,A,0.9162
10,3,B,0.8693
10,4,A,0.9279
10,12,A,0.9297
10,15,C,0.7888
10,21,B,0.8674
10,31,A,0.9356
11,10,B,0.8068
11,11,D,0.6955
11,13,C,0.7984
11,25,A,0.9802
11,32,B,0.8396
12,5,C,0.7548
12,7,C,0.7977
12,25,C,0.7335
12,26,A,0.9748
12,36,C,0.7398
12,40,A,0.9172
12,42,A,0.9147
13,15,C,0.7531
13,21,C,0.7488
13,47,B,0.8249
13,53,A,0.9706
14,8,A,0.9153
14,19,A,0.9717
14,28,B,0.8792
14,39,B,0.8975
14,43,B,0.8883
14,44,A,0.9451
14,49,A,0.9316
14,51,A,0.9183
14,52,B,0.8804
15,20,C,0.7321
15,23,A,0.9324
15,29,A,0.9244
16,3,B,0.8502
16,4,B,0.8836
16,11,C,0.7130
16,13,A,0.9566
16,17,C,0.7817
16,22,B,0.8514
16,34,B,0.8231
16,35,B,0.8927
16,50,A,0.9927
17,6,B,0.8160
17,27,B,0.8727
17,45,A,0.9376
17,46,D,0.6881
17,48,B,0.8710
18,10,B,0.8402
18,14,B,0.8655
18,24,A,0.9890
18,31,B,0.8971
18,33,A,0.9374
19,16,C,0.7606
19,30,A,0.9943
19,38,D,0.6911
20,1,B,0.8837
20,2,C,0.7614
20,9,D,0.6899
20,12,B,0.8917
20,18,B,0.8701
20,32,B,0.8705
20,37,B,0.8796
20,41,C,0.7368
20,54,C,0.7823
21,11,A,0.9058
21,12,B,0.8819
21,30,C,0.7712
21,46,A,0.9085
22,3,A,0.9238
22,6,C,0.7243
22,21,B,0.8189
22,35,B,0.8351
22,39,A,0.9197
22,42,B,0.8376
22,47,B,0.8159
22,48,B,0.8862
22,50,B,0.8731
23,5,C,0.7634
23,7,A,0.9315
23,41,D,0.6666
23,43,B,0.8888
24,14,B,0.8473
24,24,B,0.8539
24,54,A,0.9371
25,22,B,0.8175
25,23,D,0.6640
25,27,A,0.9522
25,29,A,0.9096
25,34,C,0.7957
25,40,A,0.9328
26,1,B,0.8477
26,15,C,0.7234
26,25,C,0.7558
26,31,C,0.7534
26,33,C,0.7088
26,45,A,0.9135
26,49,B,0.8949
26,51,A,0.9713
26,52,A,0.9201
27,4,C,0.7507
27,8,C,0.7980
27,16,C,0.7320
28,13,C,0.7385
28,17,A,0.9492
28,18,A,0.9557
28,36,A,0.9047
28,37,A,0.9351
28,38,A,0.9724
28,53,A,0.9889
29,2,B,0.8601
29,9,B,0.8546
29,19,A,0.9384
29,20,C,0.8000
29,26,C,0.7849
30,10,C,0.7544
30,28,B,0.8824
30,32,C,0.7657
30,44,A,0.9308
31,9,A,0.9166
31,23,B,0.8816
31,25,C,0.7265
31,45,A,0.9628
31,51,A,0.9305
31,54,A,0.9263
32,11,C,0.7341
32,18,C,0.7268
32,19,C,0.7614
32,49,C,0.7054
33,6,D,0.6767
33,20,B,0.8005
33,29,A,0.9768
33,47,A,0.9939
33,50,B,0.8922
34,15,C,0.7818
34,17,B,0.8585
34,34,C,0.7738
34,37,C,0.7481
34,41,C,0.7672
34,44,B,0.8239
35,46,B,0.8100
35,12,B,0.8376
36,27,C,0.7654
36,31,B,0.8638
36,35,B,0.8877
36,36,A,0.9042
36,42,D,0.6105
36,53,B,0.8603
37,4,C,0.7238
37,7,A,0.9106
37,21,C,0.7295
37,22,A,0.9078
37,24,B,0.8389
37,26,D,0.6158
37,28,C,0.7573
37,39,B,0.8555
37,48,C,0.7113
38,14,A,0.9169
38,30,C,0.7976
38,33,C,0.7303
39,8,C,0.7150
39,40,A,0.9946
39,52,C,0.7815
40,1,D,0.6705
40,5,A,0.9110
40,10,A,0.9669
40,16,C,0.7786
40,43,C,0.7374
41,2,C,0.7945
41,3,B,0.8415
41,13,D,0.6744
41,32,A,0.9475
41,38,B,0.8303
42,5,A,0.9455
42,21,B,0.8361
42,22,B,0.8093
42,46,C,0.7828
42,48,B,0.8970
42,51,C,0.7330
43,4,B,0.8068
43,7,A,0.9866
43,24,B,0.8356
43,30,C,0.7454
43,37,B,0.8859
43,38,C,0.7741
43,50,B,0.8936
44,6,C,0.7568
44,10,D,0.6448
44,17,A,0.9921
44,33,B,0.8979
44,40,A,0.9524
44,47,A,0.9184
44,49,B,0.8045
45,2,A,0.9146
45,8,B,0.8569
45,15,A,0.9431
45,20,C,0.7797
45,28,B,0.8459
45,36,D,0.6877
45,52,C,0.7707
45,54,A,0.9115
46,1,B,0.8441
46,31,C,0.7913
46,34,B,0.8297
46,35,B,0.8320
46,39,A,0.9407
46,41,C,0.7326
46,44,B,0.8491
46,53,C,0.7595
47,12,B,0.8576
47,19,B,0.8254
47,26,B,0.8560
47,42,B,0.8572
48,11,A,0.9132
48,13,C,0.7666
48,14,B,0.8263
48,16,A,0.9844
48,18,A,0.9081
48,23,A,0.9991
48,27,B,0.8168
48,29,C,0.7309
48,32,C,0.7528
48,45,A,0.9151
49,3,A,0.9690
49,9,A,0.9058
49,25,A,0.9920
49,43,A,0.9025
50,6,B,0.8877
50,8,B,0.8046
50,11,D,0.6837
50,14,A,0.9460
50,28,B,0.8748
50,30,A,0.9561
50,32,A,0.9297
50,35,A,0.9362
50,39,D,0.6422
50,43,C,0.7564
50,49,A,0.9123
51,5,A,0.9899
51,10,A,0.9960
51,20,A,0.9263
51,42,A,0.9628
51,45,A,0.9181
51,46,C,0.7347
51,48,A,0.9575
51,53,C,0.7852
52,23,A,0.9617
52,24,C,0.7224
52,47,C,0.7581
52,50,B,0.8817
53,15,A,0.9805
53,19,A,0.9784
53,27,B,0.8871
53,31,A,0.9472
54,22,C,0.7112
54,25,C,0.7163
54,26,C,0.7266
54,29,A,0.9938
55,40,A,0.9097
56,3,B,0.8377
56,12,C,0.7282
56,16,A,0.9135
56,17,B,0.8357
56,18,B,0.8778
56,21,D,0.6908
56,33,A,0.9172
57,36,B,0.8147
57,37,B,0.8749
57,52,B,0.8501
58,4,D,0.6288
58,13,B,0.8051
58,44,B,0.8399
59,9,A,0.9713
59,38,C,0.7244
59,41,A,0.9622
59,54,A,0.9229
60,1,B,0.8246
60,2,B,0.8632
60,7,B,0.8197
60,34,B,0.8202
60,51,B,0.8753
61,2,A,0.9076
61,11,B,0.8475
61,13,C,0.7529
61,18,A,0.9274
61,20,C,0.7653
61,33,B,0.8494
61,38,C,0.7825
61,45,A,0.9480
61,61,A,0.9408
61,67,A,0.9430
61,70,A,0.9928
61,77,A,0.9020
62,50,C,0.7935
62,51,A,0.9383
62,58,A,0.9652
62,60,A,0.9101
62,63,A,0.9471
62,81,C,0.7390
62,87,B,0.8440
62,97,B,0.8502
63,15,B,0.8695
63,22,C,0.7703
63,25,C,0.7253
63,30,B,0.8149
63,48,A,0.9091
63,62,A,0.9269
63,66,A,0.9287
63,71,C,0.7574
63,84,C,0.7194
64,1,A,0.9742
64,10,A,0.9925
64,12,C,0.7717
64,41,B,0.8827
64,78,B,0.8061
64,79,B,0.8382
64,92,A,0.9400
65,3,B,0.8540
65,5,C,0.7814
65,8,B,0.8546
65,14,D,0.6799
65,17,B,0.8023
65,35,B,0.8831
65,37,A,0.9274
65,39,A,0.9274
65,56,A,0.9370
65,80,B,0.8032
65,90,B,0.8491
65,95,A,0.9486
65,96,B,0.8036
66,34,B,0.8426
66,42,A,0.9267
66,54,A,0.9389
66,57,A,0.9258
66,65,B,0.8938
66,76,B,0.8167
66,83,B,0.8050
67,4,A,0.9167
67,19,B,0.8493
67,24,D,0.6886
67,27,A,0.9324
67,31,C,0.7449
67,68,B,0.8350
67,94,B,0.8534
68,7,C,0.7614
68,43,B,0.8730
68,49,C,0.7481
68,73,C,0.7919
68,91,B,0.8759
68,93,A,0.9593
69,6,B,0.8401
69,9,C,0.7559
69,21,C,0.7641
69,46,B,0.8692
69,47,B,0.8808
69,82,B,0.8292
69,88,A,0.9858
70,23,B,0.8116
70,26,B,0.8583
70,28,B,0.8173
70,44,B,0.8425
70,52,B,0.8296
70,55,C,0.7866
70,72,A,0.9313
70,74,B,0.8595
70,85,B,0.8315
70,86,A,0.9744
71,29,A,0.9328
71,32,B,0.8521
71,36,C,0.7852
71,53,A,0.9746
71,59,A,0.9591
71,64,B,0.8863
71,69,B,0.8913
71,75,C,0.7232
71,89,B,0.8447
71,99,B,0.8549
72,16,B,0.8358
72,40,B,0.8427
72,98,B,0.8024
73,2,A,0.9039
73,7,D,0.6693
73,38,B,0.8491
73,48,A,0.9267
73,55,A,0.9516
73,68,C,0.7450
73,76,A,0.9625
73,78,B,0.8668
73,92,B,0.8204
73,98,C,0.7854
74,21,A,0.9089
74,24,C,0.7991
74,35,C,0.7375
74,39,A,0.9045
74,43,A,0.9375
74,52,C,0.7896
74,64,D,0.6602
74,67,A,0.9885
74,72,B,0.8463
75,5,A,0.9233
75,9,C,0.7628
75,16,B,0.8588
75,47,B,0.8806
75,57,B,0.9000
75,61,B,0.8750
75,75,B,0.8786
75,83,A,0.9108
76,11,A,0.9369
76,12,B,0.8541
76,26,B,0.8212
76,41,A,0.9133
76,62,B,0.8100
76,73,C,0.7115
76,79,C,0.7952
76,82,A,0.9763
76,90,A,0.9390
76,93,A,0.9435
77,29,C,0.7253
77,31,A,0.9495
77,36,A,0.9040
77,42,C,0.7118
77,50,D,0.6776
77,56,A,0.9427
77,74,A,0.9211
77,85,B,0.8067
78,3,B,0.8828
78,6,A,0.9322
78,14,B,0.8816
78,23,D,0.6867
78,33,C,0.7591
78,40,C,0.7760
78,44,A,0.9177
78,49,A,0.9017
78,51,A,0.9876
78,58,B,0.8840
78,65,B,0.8707
78,81,A,0.9907
78,87,C,0.7113
78,91,A,0.9150
79,1,A,0.9105
79,15,C,0.7499
79,22,B,0.8206
79,30,B,0.8511
79,37,A,0.9122
79,59,B,0.8325
79,70,D,0.6737
79,96,C,0.7013
79,99,B,0.8467
80,10,C,0.7948
80,25,A,0.9637
80,34,C,0.7745
80,60,B,0.8753
80,95,C,0.7227
81,17,A,0.9769
81,46,A,0.9288
81,66,B,0.8962
81,80,A,0.9225
81,86,B,0.8428
82,8,B,0.8178
82,13,A,0.9896
82,20,A,0.9781
82,27,A,0.9738
82,53,A,0.9472
82,63,C,0.7364
82,71,B,0.8867
82,77,C,0.7319
82,88,B,0.8510
82,89,A,0.9257
83,4,A,0.9054
83,18,C,0.7616
83,19,B,0.8609
83,28,B,0.8032
83,32,A,0.9216
83,45,C,0.7391
83,54,B,0.8996
83,69,A,0.9723
83,84,A,0.9558
83,94,A,0.9167
83,97,B,0.8848
84,2,A,0.9104
84,4,C,0.7248
84,7,A,0.9808
84,9,A,0.9669
84,36,A,0.9622
84,52,C,0.7132
84,59,A,0.9143
84,63,A,0.9630
84,66,B,0.8791
84,74,C,0.7314
84,82,B,0.8873
84,87,A,0.9521
84,98,D,0.6915
85,10,B,0.8382
85,35,C,0.7488
85,44,D,0.6924
85,47,A,0.9958
85,61,A,0.9084
85,65,C,0.7884
85,72,A,0.9522
85,85,D,0.6835
85,86,A,0.9153
86,8,B,0.8874
86,15,B,0.8351
86,28,C,0.7515
86,39,B,0.8819
86,40,B,0.8452
86,57,B,0.8392
86,60,B,0.8961
86,76,C,0.7711
86,77,B,0.8298
86,91,C,0.7691
86,95,C,0.7478
87,23,A,0.9045
87,33,A,0.9046
87,46,B,0.8009
87,49,C,0.7041
87,71,A,0.9752
87,84,A,0.9711
87,94,C,0.7833
88,22,A,0.9571
88,27,B,0.8305
88,43,A,0.9165
88,51,B,0.8640
88,53,A,0.9559
89,5,C,0.7483
89,30,C,0.7962
89,38,C,0.7282
89,45,B,0.8234
89,50,B,0.8481
89,88,B,0.8134
89,92,C,0.7196
89,96,A,0.9415
89,97,B,0.8763
90,18,D,0.6524
90,20,B,0.8638
90,41,B,0.8503
90,54,A,0.9831
90,62,B,0.8785
90,67,A,0.9295
90,70,A,0.9319
90,93,B,0.8286
91,11,C,0.7922
91,12,A,0.9417
91,26,C,0.7706
91,31,C,0.7678
91,32,B,0.8888
91,34,C,0.7922
91,37,A,0.9738
91,64,A,0.9049
91,80,C,0.7097
91,99,C,0.7886
92,3,C,0.7697
92,6,B,0.8356
92,14,B,0.8987
92,16,C,0.7502
92,19,B,0.8162
92,25,A,0.9609
92,29,A,0.9726
92,56,C,0.7946
92,69,C,0.7167
92,75,C,0.7723
92,90,A,0.9361
93,17,B,0.8109
93,21,C,0.7237
93,24,C,0.7771
93,48,B,0.8157
93,55,C,0.7732
93,58,B,0.8766
93,68,B,0.8591
93,79,A,0.9500
93,81,A,0.9342
93,83,C,0.7229
93,89,C,0.7449
94,1,B,0.8312
94,13,D,0.6236
94,42,D,0.6149
94,73,B,0.8703
94,78,B,0.8640
95,3,C,0.7695
95,8,D,0.6513
95,19,A,0.9147
95,33,A,0.9070
95,45,B,0.8998
95,56,B,0.8160
95,75,B,0.8291
95,86,A,0.9303
95,90,C,0.7945
96,1,B,0.8849
96,26,D,0.6994
96,37,C,0.7138
96,48,B,0.8398
96,52,B,0.8417
96,80,B,0.8496
96,83,A,0.9090
96,99,A,0.9784
97,20,A,0.9056
97,25,B,0.8703
97,32,C,0.7787
97,49,B,0.8138
97,50,C,0.7991
97,58,A,0.9769
97,65,B,0.8135
97,68,A,0.9237
97,72,A,0.9167
97,76,B,0.8378
97,98,A,0.9934
98,4,B,0.8692
98,5,B,0.8547
98,23,B,0.8800
98,29,A,0.9042
98,34,A,0.9117
98,96,A,0.9215
99,36,A,0.9712
99,42,A,0.9400
99,57,B,0.8841
99,67,C,0.7738
99,78,A,0.9271
99,81,C,0.7714
99,94,C,0.7986
100,2,C,0.7208
100,12,A,0.9269
100,13,B,0.8559
100,24,B,0.8200
100,55,A,0.9038
100,60,B,0.8379
100,64,B,0.8840
100,69,C,0.7939
100,70,C,0.7541
100,88,A,0.9236
100,97,C,0.7400
101,9,C,0.7515
101,21,A,0.9215
101,27,B,0.8618
101,39,C,0.7305
101,43,A,0.9430
101,89,A,0.9857
101,95,C,0.7934
102,7,B,0.8839
102,17,D,0.6596
102,31,B,0.8472
102,46,B,0.8682
102,51,A,0.9271
102,82,A,0.9139
102,91,A,0.9833
103,10,A,0.9369
103,11,B,0.8078
103,22,A,0.9570
103,53,C,0.7577
103,71,B,0.8384
103,73,A,0.9970
103,84,D,0.6081
104,6,B,0.8641
104,28,A,0.9036
104,38,C,0.7402
104,40,C,0.7089
104,59,C,0.7076
104,62,B,0.8634
104,63,B,0.8071
104,66,B,0.8397
104,74,D,0.6734
104,77,A,0.9187
104,79,B,0.8075
104,87,A,0.9492
105,14,B,0.8389
105,15,A,0.9025
105,16,B,0.8053
105,18,C,0.7354
105,30,D,0.6780
105,35,C,0.7979
105,41,B,0.8160
105,44,C,0.7861
105,47,A,0.9651
105,54,A,0.9162
105,61,B,0.8032
105,85,C,0.7784
105,92,A,0.9084
105,93,A,0.9969
106,1,B,0.8401
106,7,C,0.7558
106,10,A,0.9784
106,33,A,0.9545
106,73,A,0.9395
106,75,B,0.8857
106,82,B,0.8548
106,92,A,0.9245
107,4,B,0.8346
107,18,B,0.8350
107,29,A,0.9635
107,36,B,0.8272
107,56,B,0.8614
108,14,A,0.9283
108,15,C,0.7664
108,19,B,0.8176
108,22,A,0.9335
108,23,D,0.6955
108,24,B,0.8398
108,30,B,0.8648
108,38,C,0.7246
108,71,C,0.7991
108,72,A,0.9298
108,81,A,0.9071
109,16,B,0.8931
109,31,D,0.6787
109,57,C,0.7709
110,8,B,0.8342
110,12,C,0.7708
110,21,F,0.5931
110,25,B,0.8395
110,44,B,0.8562
110,58,A,0.9468
110,74,B,0.8815
110,78,A,0.9842
111,11,B,0.8529
111,28,B,0.8723
111,52,B,0.8311
111,63,B,0.8122
111,67,A,0.9048
111,68,C,0.7532
111,70,D,0.6890
111,80,A,0.9776
111,86,A,0.9640
112,37,A,0.9224
112,48,C,0.7784
112,55,B,0.8191
112,69,B,0.8819
112,77,C,0.7935
112,83,B,0.8174
112,93,A,0.9441
112,95,A,0.9016
112,98,C,0.7997
113,13,A,0.9747
113,17,C,0.7767
113,39,A,0.9143
113,42,B,0.8167
113,59,B,0.8455
113,64,B,0.8045
113,97,C,0.7957
114,34,B,0.8491
114,43,B,0.8090
114,79,B,0.8745
115,3,B,0.8998
115,49,A,0.9771
115,54,C,0.7246
115,62,A,0.9187
115,85,D,0.6631
115,91,C,0.7073
115,96,C,0.7529
116,5,D,0.6496
116,40,A,0.9741
116,50,B,0.8171
116,76,B,0.8561
116,90,B,0.8653
116,94,B,0.8750
117,2,A,0.9520
117,6,B,0.8153
117,32,B,0.8751
117,47,C,0.7186
117,61,A,0.9685
117,65,B,0.8529
117,66,A,0.9980
117,89,B,0.8272
118,9,C,0.7588
118,20,C,0.7815
118,26,A,0.9611
118,27,B,0.8358
118,35,B,0.8445
118,41,B,0.8032
118,45,C,0.7888
118,46,B,0.8368
118,51,A,0.9984
118,53,A,0.9310
118,60,B,0.8481
118,84,C,0.7142
118,87,B,0.8306
118,88,B,0.8043
118,99,B,0.8583
119,8,D,0.6447
119,13,B,0.8331
119,15,B,0.8772
119,19,A,0.9027
119,21,B,0.8969
119,22,B,0.8925
119,29,C,0.7266
119,35,B,0.8863
119,42,B,0.8204
119,45,C,0.7536
119,46,A,0.9143
119,48,C,0.7701
119,53,C,0.7431
119,55,B,0.8661
119,59,C,0.7956
119,65,B,0.8832
119,73,A,0.9130
119,82,B,0.8561
119,97,C,0.7083
120,6,A,0.9021
120,7,A,0.9178
120,10,B,0.8397
120,12,A,0.9416
120,17,A,0.9072
120,25,C,0.7239
120,33,C,0.7549
120,40,B,0.8920
120,47,A,0.9353
120,49,C,0.7146
120,75,A,0.9362
120,79,C,0.7848
120,85,C,0.7817
120,87,C,0.7971
120,95,A,0.9599
121,5,A,0.9706
121,23,C,0.7399
121,27,A,0.9006
121,36,B,0.8696
121,37,A,0.9054
121,50,C,0.7693
121,57,A,0.9798
121,68,A,0.9554
121,74,B,0.8245
121,80,D,0.6397
121,81,C,0.7764
121,84,C,0.7143
121,93,D,0.6452
122,3,B,0.8196
122,4,B,0.8164
122,18,C,0.7173
122,24,B,0.8723
122,28,B,0.8344
122,30,B,0.8266
122,31,A,0.9467
122,32,A,0.9098
122,43,C,0.7533
122,56,B,0.8295
122,62,A,0.9005
122,66,B,0.8080
122,78,A,0.9188
122,99,D,0.6839
123,2,C,0.7227
123,11,C,0.7162
123,20,C,0.7945
123,26,B,0.8359
123,34,B,0.8277
123,58,C,0.7633
123,64,A,0.9359
123,67,A,0.9796
123,70,A,0.9789
123,72,B,0.8476
123,76,C,0.7092
123,83,B,0.8250
123,89,C,0.7965
123,91,C,0.7853
124,9,C,0.7370
124,14,A,0.9066
124,16,B,0.8011
124,39,A,0.9227
124,44,B,0.8815
124,52,A,0.9600
124,60,C,0.7340
124,61,B,0.8677
124,69,B,0.8834
124,77,B,0.8334
124,90,B,0.8555
124,94,B,0.8642
125,1,C,0.7910
125,38,D,0.6799
125,41,B,0.8559
125,51,B,0.8850
125,54,C,0.7439
125,63,B,0.8776
125,71,A,0.9563
125,86,C,0.7709
125,88,A,0.9866
125,92,A,0.9571
125,96,C,0.7966
125,98,C,0.7049
126,12,C,0.7919
126,16,C,0.7972
126,19,C,0.7984
126,36,C,0.8000
126,45,C,0.7377
126,46,C,0.7552
126,52,B,0.8154
126,54,B,0.8581
126,60,B,0.8237
126,65,A,0.9078
126,73,C,0.7600
126,80,C,0.7827
126,87,B,0.8665
126,91,B,0.8435
126,94,B,0.8990
126,104,A,0.9331
126,110,A,0.9044
126,119,D,0.6273
126,126,B,0.8250
126,128,A,0.9035
127,15,B,0.8681
127,23,B,0.8622
127,28,A,0.9507
127,31,D,0.6333
127,33,C,0.7752
127,34,C,0.7983
127,39,D,0.6916
127,42,C,0.7333
127,50,A,0.9643
127,61,B,0.8207
127,74,C,0.7361
127,75,A,0.9611
127,76,A,0.9429
127,77,C,0.7764
127,79,C,0.7988
127,100,A,0.9591
127,125,A,0.9069
127,131,B,0.8205
127,144,C,0.7894
128,13,C,0.7184
128,18,A,0.9519
128,20,B,0.8048
128,21,A,0.9032
128,29,B,0.8150
128,30,B,0.8461
128,40,C,0.7360
128,47,D,0.6633
128,48,D,0.6590
128,56,A,0.9252
128,83,B,0.8153
128,86,A,0.9930
128,109,A,0.9519
128,113,B,0.8365
128,121,B,0.8115
128,129,C,0.7745
128,138,A,0.9995
128,140,B,0.8897
128,141,A,0.9911
129,5,B,0.8364
129,11,B,0.8681
129,14,B,0.8133
129,22,C,0.7530
129,32,A,0.9327
129,64,B,0.8056
129,72,B,0.8158
129,78,B,0.8666
129,84,B,0.8858
129,111,A,0.9174
129,116,A,0.9557
129,120,C,0.7778
129,132,A,0.9471
129,137,C,0.7509
129,142,C,0.7740
130,8,B,0.8945
130,9,B,0.8182
130,25,A,0.9073
130,26,C,0.7182
130,27,C,0.7656
130,57,A,0.9931
130,69,B,0.8389
130,85,A,0.9865
130,88,B,0.8926
130,92,A,0.9860
130,96,A,0.9064
130,99,C,0.7288
130,101,B,0.8469
130,114,B,0.8079
130,123,B,0.8639
130,130,B,0.8584
130,134,B,0.8814
130,135,B,0.8811
130,139,C,0.7743
131,2,C,0.7903
131,6,A,0.9880
131,35,A,0.9115
131,43,B,0.8900
131,49,A,0.9105
131,55,B,0.8694
131,66,A,0.9127
131,90,A,0.9065
131,93,B,0.8191
131,95,A,0.9557
131,107,B,0.8728
131,108,C,0.7926
131,115,A,0.9906
131,127,D,0.6683
131,143,C,0.7364
132,1,C,0.7337
132,7,A,0.9560
132,10,A,0.9572
132,17,B,0.8854
132,24,A,0.9355
132,38,C,0.7035
132,41,C,0.7893
132,51,D,0.6755
132,58,A,0.9337
132,59,B,0.8337
132,63,A,0.9535
132,67,C,0.7955
132,70,C,0.7912
132,71,B,0.8403
132,81,C,0.7534
132,89,A,0.9671
132,97,C,0.7344
132,102,A,0.9436
132,103,A,0.9928
132,122,A,0.9461
132,133,A,0.9338
132,136,A,0.9338
133,3,B,0.8722
133,4,A,0.9756
133,37,C,0.7611
133,44,A,0.9033
133,53,A,0.9403
133,62,B,0.8102
133,68,B,0.8634
133,82,B,0.8974
133,98,C,0.7824
133,105,C,0.7506
133,106,C,0.7433
133,112,D,0.6957
133,117,B,0.8433
133,118,A,0.9460
133,124,A,0.9159
134,3,D,0.6781
134,26,D,0.6325
134,31,B,0.8252
134,35,B,0.8768
134,41,A,0.9273
134,53,A,0.9859
134,61,A,0.9280
134,69,B,0.8204
134,93,B,0.8708
134,95,A,0.9208
134,123,B,0.8811
135,19,C,0.7722
135,22,B,0.8510
135,24,A,0.9459
135,44,B,0.8952
135,52,C,0.7471
135,57,B,0.8511
135,77,B,0.8917
135,82,B,0.8091
135,103,A,0.9198
135,107,A,0.9229
135,115,A,0.9339
135,119,B,0.8949
135,121,A,0.9247
135,127,B,0.8481
135,129,C,0.7521
135,142,B,0.8343
136,2,B,0.8179
136,11,C,0.7996
136,20,B,0.8544
136,21,A,0.9952
136,25,B,0.8423
136,37,A,0.9131
136,38,B,0.8592
136,56,A,0.9614
136,62,A,0.9657
136,64,A,0.9146
136,66,B,0.8487
136,80,C,0.7391
136,83,B,0.8066
136,86,A,0.9553
136,90,C,0.7748
136,120,A,0.9127
136,125,D,0.6451
136,139,B,0.8066
137,10,A,0.9528
137,13,B,0.8954
137,14,C,0.7874
137,23,A,0.9815
137,40,C,0.7396
137,46,A,0.9489
137,51,C,0.7934
137,70,A,0.9437
137,105,B,0.8579
137,116,C,0.7189
137,126,C,0.7146
138,1,B,0.8419
138,5,C,0.7361
138,39,C,0.7608
138,71,B,0.8118
138,85,C,0.7528
138,91,A,0.9293
138,97,A,0.9247
138,110,B,0.8265
139,7,A,0.9883
139,18,D,0.6951
139,28,A,0.9835
139,29,A,0.9985
139,30,A,0.9191
139,32,A,0.9349
139,42,B,0.8285
139,47,B,0.8287
139,58,B,0.8409
139,59,D,0.6824
139,74,A,0.9337
139,87,B,0.8866
139,94,B,0.8084
139,102,D,0.6586
139,108,A,0.9056
139,117,C,0.7953
139,118,A,0.9300
139,124,B,0.8755
139,133,B,0.8773
139,134,A,0.9715
140,9,A,0.9439
140,17,B,0.8050
140,36,C,0.7789
140,55,A,0.9535
140,60,A,0.9450
140,68,A,0.9093
140,76,C,0.7247
140,81,C,0.7435
140,109,A,0.9066
140,111,B,0.8932
140,128,D,0.6313
140,131,B,0.8247
141,8,F,0.5969
141,12,B,0.8708
141,15,C,0.7240
141,50,C,0.7208
141,54,C,0.8000
141,73,B,0.8023
141,78,B,0.8542
141,96,C,0.7693
141,130,B,0.8873
141,135,B,0.8923
141,137,B,0.8961
141,140,A,0.9836
142,16,B,0.8241
142,34,D,0.6526
142,48,A,0.9823
142,63,A,0.9502
142,72,C,0.7376
142,75,C,0.7790
142,84,C,0.7774
142,98,A,0.9461
142,100,C,0.7890
142,132,C,0.7890
142,138,A,0.9155
143,27,B,0.8214
143,33,D,0.6488
143,49,A,0.9193
143,65,A,0.9031
143,67,B,0.8585
143,79,A,0.9557
143,89,C,0.7270
143,92,A,0.9116
143,101,B,0.8719
143,104,B,0.8874
143,112,A,0.9397
143,113,C,0.7688
143,114,B,0.8922
143,122,B,0.8264
143,136,A,0.9131
143,143,A,0.9356
143,144,A,0.9029
144,4,C,0.7459
144,6,C,0.7022
144,43,A,0.9026
144,45,B,0.8488
144,88,D,0.6957
144,99,C,0.7030
144,106,B,0.8984
144,141,C,0.7289
145,11,B,0.8359
145,20,B,0.8236
145,78,B,0.8881
145,82,C,0.7976
145,85,A,0.9242
145,110,A,0.9155
145,114,B,0.8461
145,123,A,0.9457
145,132,B,0.8703
145,143,B,0.8982
146,9,B,0.8718
146,26,A,0.9162
146,28,B,0.8502
146,63,C,0.7764
146,67,A,0.9439
146,74,B,0.8567
146,84,C,0.7688
146,90,A,0.9145
146,94,A,0.9377
146,96,A,0.9438
146,99,C,0.7907
146,102,C,0.7111
146,104,A,0.9870
146,122,C,0.7665
146,129,C,0.7818
146,133,A,0.9573
146,140,D,0.6745
147,1,B,0.8860
147,13,A,0.9842
147,19,A,0.9146
147,29,A,0.9085
147,30,C,0.7289
147,37,A,0.9808
147,40,B,0.8683
147,43,B,0.8039
147,48,B,0.8083
147,64,B,0.8241
147,68,B,0.8958
147,89,A,0.9077
147,95,A,0.9251
147,98,A,0.9792
147,105,B,0.8428
147,109,C,0.7470
147,119,A,0.9197
147,120,C,0.7142
147,121,A,0.9896
147,127,A,0.9371
148,6,A,0.9147
148,8,C,0.7848
148,16,B,0.8660
148,27,B,0.8828
148,54,A,0.9039
148,55,C,0.7890
148,56,C,0.7352
148,58,B,0.8568
148,79,C,0.7472
148,87,B,0.8177
148,93,B,0.8624
148,113,C,0.7799
148,117,C,0.7330
148,118,D,0.6981
148,124,B,0.8729
148,126,A,0.9525
148,144,C,0.7553
149,3,C,0.7426
149,4,B,0.8791
149,5,D,0.6898
149,14,A,0.9759
149,17,B,0.8576
149,39,A,0.9522
149,46,A,0.9810
149,72,B,0.8883
149,75,A,0.9636
149,86,D,0.6476
149,97,A,0.9587
149,108,A,0.9099
149,137,D,0.6130
149,138,A,0.9984
150,22,A,0.9318
150,25,B,0.8785
150,42,C,0.7810
150,59,B,0.8461
150,60,A,0.9218
150,70,C,0.7606
150,73,C,0.7271
150,77,B,0.8769
150,101,A,0.9541
150,115,B,0.8258
150,134,B,0.8278
150,135,A,0.9289
150,136,A,0.9654
150,139,B,0.8719
150,141,C,0.7912
151,2,A,0.9348
151,10,A,0.9058
151,24,B,0.8915
151,31,B,0.8044
151,32,B,0.8920
151,33,A,0.9277
151,38,B,0.8163
151,45,D,0.6649
151,53,C,0.7322
151,57,A,0.9584
151,61,C,0.7849
151,62,A,0.9424
151,88,B,0.8454
151,112,A,0.9866
151,116,A,0.9191
152,7,B,0.8650
152,21,A,0.9946
152,23,C,0.7941
152,34,B,0.8580
152,35,B,0.8673
152,47,B,0.8222
152,49,A,0.9197
152,51,C,0.7556
152,52,B,0.8527
152,65,B,0.8319
152,66,A,0.9380
152,69,B,0.8323
152,71,A,0.9069
152,76,A,0.9931
152,81,A,0.9952
152,83,C,0.7523
152,91,B,0.8539
152,103,A,0.9874
152,106,C,0.7607
152,125,A,0.9073
152,128,A,0.9102
152,131,A,0.9150
152,142,C,0.7686
153,12,B,0.8086
153,15,A,0.9148
153,18,A,0.9125
153,36,B,0.8215
153,41,B,0.8103
153,44,B,0.8527
153,50,B,0.8884
153,80,A,0.9197
153,92,A,0.9241
153,100,A,0.9887
153,107,A,0.9806
153,111,A,0.9596
153,130,A,0.9040
154,25,B,0.8064
154,26,C,0.7350
154,40,B,0.8724
154,41,C,0.7994
154,51,B,0.8502
154,70,B,0.8878
154,108,A,0.9201
155,5,A,0.9870
155,24,A,0.9109
155,32,A,0.9131
155,49,C,0.7285
155,55,D,0.6320
155,60,A,0.9479
155,72,A,0.9964
155,75,C,0.7456
155,82,C,0.7809
155,85,B,0.8832
155,109,C,0.7840
155,122,B,0.8292
155,142,C,0.7940
156,21,A,0.9788
156,38,C,0.7894
156,39,A,0.9941
156,61,B,0.8205
156,62,B,0.8478
156,77,B,0.8282
156,92,A,0.9365
156,110,B,0.8632
156,128,B,0.8122
157,3,B,0.8309
157,8,C,0.7375
157,14,C,0.7272
157,19,A,0.9493
157,29,B,0.8926
157,45,A,0.9252
157,59,B,0.8330
157,65,C,0.7304
157,69,B,0.8353
157,91,B,0.8571
157,96,B,0.8964
157,101,A,0.9830
157,102,B,0.8526
157,103,B,0.8068
157,111,C,0.7999
157,119,C,0.7536
157,124,B,0.8051
157,139,C,0.7266
157,140,B,0.8379
157,144,C,0.7710
158,2,B,0.8301
158,4,B,0.8862
158,10,B,0.8170
158,22,C,0.7786
158,27,A,0.9716
158,33,C,0.7284
158,37,A,0.9796
158,46,C,0.7517
158,63,C,0.7581
158,83,A,0.9805
158,84,B,0.8459
158,88,B,0.8595
158,95,A,0.9142
158,125,A,0.9278
158,127,B,0.8107
158,136,A,0.9380
159,35,B,0.8388
159,36,A,0.9179
159,48,D,0.6260
159,58,B,0.8592
159,68,D,0.6974
159,73,C,0.7532
159,74,A,0.9001
159,100,C,0.7411
159,113,C,0.7602
159,116,A,0.9760
159,118,B,0.8084
159,120,B,0.8922
159,138,A,0.9105
160,30,C,0.7287
160,47,A,0.9394
160,71,A,0.9034
160,86,A,0.9214
160,98,C,0.7847
160,121,B,0.8146
160,129,A,0.9083
160,143,B,0.8472
161,6,C,0.7788
161,17,C,0.7019
161,18,B,0.8582
161,42,B,0.8436
161,52,A,0.9440
161,54,C,0.7987
161,76,A,0.9436
161,78,A,0.9112
161,79,C,0.7571
161,90,B,0.8817
161,105,C,0.7613
161,130,C,0.7491
161,134,C,0.7429
161,141,A,0.9797
162,7,A,0.9040
162,11,A,0.9387
162,15,B,0.8546
162,20,A,0.9572
162,23,C,0.7521
162,43,C,0.7020
162,53,B,0.8071
162,56,A,0.9179
162,67,B,0.8588
162,87,B,0.8255
162,99,A,0.9471
162,104,A,0.9389
162,117,C,0.7485
162,123,B,0.8293
162,135,A,0.9966
163,9,B,0.8826
163,16,B,0.8867
163,31,B,0.8171
163,57,B,0.8078
163,66,D,0.6855
163,80,B,0.8831
163,89,C,0.7548
163,93,C,0.7791
163,94,B,0.8683
163,97,C,0.7859
163,112,A,0.9032
163,126,B,0.8865
163,132,C,0.7979
164,1,B,0.8766
164,12,B,0.8167
164,13,A,0.9555
164,28,C,0.7885
164,34,D,0.6598
164,44,C,0.7206
164,50,B,0.8220
164,64,C,0.7570
164,81,B,0.8981
164,106,A,0.9590
164,107,B,0.8420
164,114,B,0.8351
164,115,A,0.9315
164,131,D,0.6976
164,133,A,0.9275
164,137,B,0.8478
165,8,B,0.8357
165,16,B,0.8248
165,21,B,0.8397
165,31,C,0.7224
165,37,A,0.9948
165,41,B,0.8958
165,43,B,0.8970
165,51,B,0.8809
165,52,A,0.9557
165,81,B,0.8766
165,91,C,0.7792
165,95,B,0.8186
165,103,B,0.8745
165,136,A,0.9371
165,139,A,0.9653
166,2,A,0.9286
166,32,C,0.7377
166,36,D,0.6551
166,45,B,0.8520
166,50,A,0.9068
166,104,C,0.7645
166,109,A,0.9532
166,125,A,0.9867
166,129,B,0.8849
167,3,C,0.7449
167,22,A,0.9233
167,23,C,0.7296
167,29,C,0.7754
167,34,A,0.9339
167,55,B,0.8977
167,57,A,0.9272
167,70,B,0.8522
167,75,B,0.8436
167,78,B,0.8999
167,93,B,0.8105
167,105,A,0.9946
167,107,C,0.7467
167,108,A,0.9468
167,122,B,0.8950
167,126,A,0.9888
167,127,C,0.7562
167,130,B,0.8018
168,1,B,0.8520
168,5,C,0.7684
168,71,C,0.7268
168,82,B,0.8412
168,87,C,0.7826
168,101,A,0.9171
168,117,A,0.9066
168,119,A,0.9813
168,140,C,0.7565
168,141,A,0.9441
168,144,C,0.7751
169,6,B,0.8472
169,18,B,0.8798
169,30,C,0.7436
169,33,B,0.8857
169,53,B,0.8781
169,59,B,0.8496
169,63,B,0.8595
169,66,B,0.8558
169,68,B,0.8289
169,97,B,0.8875
169,102,A,0.9965
169,113,A,0.9150
169,115,A,0.9267
169,133,A,0.9169
169,138,A,0.9229
169,143,C,0.7582
170,7,B,0.8935
170,13,A,0.9907
170,17,B,0.8310
170,35,C,0.7028
170,42,A,0.9112
170,58,B,0.8756
170,65,C,0.7818
170,99,A,0.9385
170,135,B,0.8700
171,9,A,0.9209
171,11,B,0.8467
171,28,A,0.9839
171,44,B,0.8291
171,49,A,0.9421
171,54,A,0.9880
171,56,A,0.9623
171,67,B,0.8229
171,76,C,0.7049
171,85,A,0.9523
171,96,B,0.8065
171,106,C,0.7793
171,132,B,0.8839
172,10,C,0.7691
172,15,A,0.9487
172,27,B,0.8734
172,46,A,0.9653
172,47,A,0.9300
172,77,A,0.9068
172,92,C,0.7830
172,98,A,0.9813
172,100,A,0.9194
172,111,C,0.7610
172,114,B,0.8899
173,4,C,0.7946
173,20,C,0.7171
173,39,B,0.8336
173,48,A,0.9334
173,60,C,0.7093
173,74,A,0.9370
173,83,B,0.8304
173,124,A,0.9017
173,137,B,0.8286
173,142,A,0.9878
174,12,B,0.8450
174,19,B,0.8546
174,24,B,0.8526
174,26,A,0.9072
174,61,B,0.8730
174,73,B,0.8477
174,79,B,0.8613
174,90,C,0.7718
174,110,C,0.7270
174,116,C,0.7981
174,131,B,0.8315
174,134,A,0.9458
175,40,C,0.7088
175,62,B,0.8736
175,64,A,0.9222
175,69,C,0.7613
175,72,A,0.9176
175,84,C,0.7813
175,86,C,0.7169
175,88,C,0.7684
175,112,B,0.8731
175,120,B,0.8635
175,121,D,0.6704
175,123,B,0.8431
176,14,A,0.9404
176,25,B,0.8131
176,38,A,0.9285
176,80,C,0.7350
176,89,A,0.9470
176,94,B,0.8354
176,118,B,0.8427
176,128,A,0.9126
177,8,A,0.9347
177,11,D,0.6657
177,30,A,0.9018
177,47,B,0.8909
177,55,B,0.8602
177,76,B,0.8410
177,103,C,0.7422
177,110,A,0.9172
177,112,B,0.8581
177,121,C,0.7912
177,130,A,0.9712
177,134,A,0.9433
178,9,B,0.8984
178,27,C,0.7184
178,35,C,0.7584
178,49,A,0.9209
178,50,C,0.7512
178,62,C,0.7926
178,73,A,0.9040
178,80,C,0.7904
178,90,A,0.9606
178,94,C,0.7739
178,98,C,0.7791
178,102,A,0.9871
178,104,C,0.7229
178,109,A,0.9169
178,113,B,0.8692
178,115,A,0.9755
178,128,A,0.9391
178,129,C,0.7051
178,144,A,0.9835
179,6,B,0.8355
179,18,D,0.6166
179,40,A,0.9309
179,41,C,0.7941
179,53,B,0.8223
179,60,B,0.8269
179,63,A,0.9577
179,65,C,0.7511
179,68,A,0.9699
179,72,A,0.9857
179,96,A,0.9053
179,123,B,0.8117
179,131,A,0.9777
179,136,A,0.9347
179,142,A,0.9460
180,2,B,0.8116
180,5,A,0.9283
180,10,B,0.8298
180,19,A,0.9392
180,21,B,0.8716
180,26,A,0.9136
180,36,B,0.8669
180,45,A,0.9153
180,56,C,0.7818
180,66,C,0.7629
180,71,B,0.8664
180,74,B,0.8886
180,83,A,0.9568
180,87,A,0.9766
180,91,A,0.9157
180,92,C,0.8000
180,99,B,0.8237
180,107,A,0.9855
180,125,B,0.8271
180,126,C,0.7949
180,137,A,0.9554
180,140,B,0.8046
181,14,C,0.7676
181,24,A,0.9247
181,38,B,0.8138
181,44,A,0.9512
181,58,B,0.8933
181,59,A,0.9127
181,64,B,0.8188
181,70,C,0.7329
181,75,A,0.9053
181,81,C,0.7458
181,84,B,0.8436
181,86,A,0.9842
181,93,C,0.7949
181,108,B,0.8534
181,117,C,0.7658
181,122,B,0.8228
182,3,A,0.9917
182,16,C,0.7546
182,23,B,0.8841
182,25,A,0.9420
182,28,C,0.7298
182,29,C,0.7822
182,31,C,0.7383
182,32,B,0.8731
182,39,B,0.8619
182,48,B,0.8690
182,54,C,0.7627
182,57,C,0.7729
182,82,C,0.7977
182,88,A,0.9181
182,89,A,0.9815
182,97,D,0.6915
182,111,C,0.7592
182,119,D,0.6597
182,143,B,0.8642
183,1,C,0.7868
183,4,B,0.8774
183,12,B,0.8501
183,15,B,0.8499
183,34,B,0.8447
183,37,A,0.9705
183,42,C,0.7330
183,43,A,0.9078
183,46,B,0.8417
183,51,B,0.8184
183,67,A,0.9262
183,77,D,0.6788
183,79,B,0.8954
183,85,A,0.9256
183,106,C,0.7593
183,114,A,0.9613
183,116,A,0.9524
183,118,B,0.8687
183,120,A,0.9250
183,127,B,0.8087
183,132,C,0.7808
183,133,B,0.8149
183,135,B,0.8775
184,7,C,0.7456
184,13,A,0.9378
184,17,C,0.7444
184,20,C,0.7561
184,22,C,0.7488
184,33,B,0.8099
184,52,B,0.8058
184,61,B,0.8015
184,69,A,0.9361
184,78,B,0.8359
184,95,B,0.8415
184,100,B,0.8673
184,101,C,0.7212
184,105,C,0.7317
184,124,B,0.8051
184,138,C,0.7608
184,139,A,0.9288
184,141,C,0.7576
185,10,B,0.8903
185,16,A,0.9608
185,29,A,0.9047
185,47,A,0.9885
185,82,C,0.7700
185,84,A,0.9685
185,86,D,0.6582
185,91,B,0.8492
185,101,D,0.6913
185,110,B,0.8684
185,113,A,0.9251
185,126,C,0.7872
185,133,A,0.9181
185,135,B,0.8619
185,137,B,0.8079
185,161,A,0.9004
185,175,B,0.8387
185,193,C,0.7828
185,195,A,0.9001
185,198,C,0.7791
185,201,D,0.6365
185,203,A,0.9944
185,206,C,0.7773
186,7,B,0.8966
186,14,A,0.9607
186,32,A,0.9364
186,44,A,0.9642
186,50,C,0.7849
186,54,C,0.7464
186,58,C,0.7839
186,62,C,0.7363
186,85,A,0.9791
186,89,A,0.9218
186,100,A,0.9018
186,116,B,0.8757
186,128,C,0.7165
186,138,A,0.9094
186,144,A,0.9623
186,159,B,0.8531
186,167,B,0.8399
186,169,A,0.9385
186,174,B,0.8773
186,179,B,0.8435
186,186,B,0.8830
186,209,A,0.9045
187,1,B,0.8739
187,9,C,0.7322
187,13,A,0.9129
187,21,A,0.9025
187,24,B,0.8943
187,35,B,0.8032
187,42,B,0.8151
187,43,C,0.7568
187,73,B,0.8024
187,81,C,0.7912
187,99,B,0.8580
187,102,C,0.7758
187,103,A,0.9028
187,114,B,0.8213
187,115,C,0.7799
187,119,A,0.9246
187,120,B,0.8290
187,122,A,0.9944
187,123,C,0.7196
187,132,C,0.7111
187,150,C,0.7508
187,157,B,0.8521
187,176,B,0.8746
187,188,B,0.8422
187,191,A,0.9834
187,194,C,0.7756
187,199,A,0.9791
187,204,B,0.8532
187,205,A,0.9317
188,5,B,0.8006
188,11,C,0.7792
188,23,B,0.8568
188,27,C,0.7780
188,33,A,0.9358
188,34,A,0.9756
188,38,A,0.9025
188,39,C,0.7824
188,57,A,0.9471
188,60,C,0.7727
188,61,B,0.8591
188,72,B,0.8197
188,78,C,0.7437
188,111,C,0.7375
188,156,D,0.6677
188,163,C,0.7895
188,173,C,0.7968
188,180,A,0.9883
188,182,A,0.9612
188,183,A,0.9044
188,184,A,0.9416
188,200,A,0.9019
188,208,B,0.8346
188,211,B,0.8373
189,8,C,0.7576
189,19,B,0.8160
189,25,C,0.7131
189,71,C,0.7260
189,74,C,0.7683
189,76,C,0.7088
189,77,B,0.8242
189,95,B,0.8543
189,107,A,0.9547
189,108,B,0.8316
189,109,B,0.8637
189,112,B,0.8514
189,121,C,0.7578
189,127,B,0.8081
189,136,A,0.9698
189,140,A,0.9330
189,145,B,0.8786
189,170,B,0.8587
189,172,B,0.8102
189,210,C,0.7495
190,15,B,0.8993
190,18,D,0.6801
190,22,C,0.7944
190,31,C,0.7038
190,37,B,0.8772
190,45,C,0.7826
190,56,B,0.8726
190,64,A,0.9487
190,66,A,0.9712
190,83,A,0.9673
190,87,B,0.8382
190,88,C,0.7002
190,90,B,0.8982
190,93,C,0.7535
190,94,A,0.9735
190,98,A,0.9862
190,106,B,0.8178
190,146,C,0.7984
190,147,A,0.9960
190,153,A,0.9196
190,154,B,0.8275
190,160,C,0.7974
190,189,B,0.8131
190,196,A,0.9345
190,197,B,0.8045
190,202,B,0.8556
190,212,C,0.7999
191,3,C,0.7623
191,4,B,0.8184
191,28,A,0.9385
191,30,A,0.9784
191,36,A,0.9211
191,40,C,0.7646
191,48,B,0.8026
191,55,A,0.9537
191,63,A,0.9580
191,70,A,0.9432
191,104,C,0.7378
191,105,A,0.9219
191,130,A,0.9341
191,131,D,0.6966
191,134,B,0.8213
191,139,A,0.9435
191,143,B,0.8578
191,148,C,0.7718
191,149,A,0.9765
191,152,D,0.6486
191,162,B,0.8571
191,166,A,0.9863
191,168,B,0.8464
191,171,C,0.8000
191,177,C,0.7517
191,178,B,0.8677
191,181,A,0.9124
191,185,A,0.9345
191,192,B,0.8836
192,2,D,0.6590
192,12,A,0.9433
192,26,D,0.6731
192,46,B,0.8212
192,52,C,0.7490
192,53,C,0.7075
192,65,A,0.9784
192,69,D,0.6972
192,79,C,0.7796
192,92,B,0.8457
192,96,C,0.7728
192,117,C,0.7271
192,124,A,0.9539
192,125,B,0.8087
192,142,A,0.9135
192,165,B,0.8031
193,6,B,0.8622
193,17,A,0.9489
193,20,A,0.9539
193,41,C,0.7463
193,49,C,0.7302
193,51,A,0.9595
193,59,A,0.9281
193,67,C,0.7036
193,68,A,0.9034
193,75,B,0.8820
193,80,B,0.8082
193,97,C,0.7231
193,118,A,0.9477
193,129,A,0.9312
193,141,B,0.8769
193,151,C,0.7760
193,155,C,0.7764
193,158,A,0.9019
193,164,B,0.8261
193,187,B,0.8707
193,190,B,0.8394
193,207,C,0.7842
194,8,B,0.8079
194,12,D,0.6972
194,21,A,0.9362
194,41,B,0.8535
194,42,B,0.8661
194,45,B,0.8740
194,46,B,0.8460
194,57,C,0.7781
194,69,A,0.9324
194,73,B,0.8259
194,75,A,0.9821
194,81,B,0.8387
194,85,C,0.7865
194,94,C,0.7945
194,110,A,0.9214
194,131,C,0.7304
194,137,A,0.9089
194,140,B,0.8527
194,142,A,0.9585
194,145,B,0.8307
194,150,B,0.8545
194,155,B,0.8144
194,169,B,0.8166
194,170,C,0.7828
194,182,B,0.8474
194,187,B,0.8402
194,189,C,0.7349
194,197,B,0.8155
194,202,A,0.9550
194,206,D,0.6714
194,212,C,0.7961
195,3,C,0.7419
195,6,A,0.9862
195,15,D,0.6954
195,17,A,0.9382
195,20,D,0.6674
195,27,B,0.8851
195,43,B,0.8138
195,61,C,0.7118
195,70,A,0.9386
195,74,B,0.8551
195,86,A,0.9273
195,87,B,0.8188
195,98,A,0.9861
195,119,B,0.8124
195,122,B,0.8916
195,144,A,0.9232
195,178,A,0.9114
195,184,A,0.9822
195,196,C,0.7652
195,199,A,0.9854
195,207,D,0.6737
196,2,A,0.9347
196,53,A,0.9887
196,55,C,0.7607
196,56,B,0.8476
196,58,D,0.6768
196,66,B,0.8409
196,67,C,0.7308
196,104,B,0.8049
196,109,B,0.8828
196,112,B,0.8713
196,116,A,0.9566
196,121,C,0.7964
196,125,C,0.7512
196,130,C,0.7765
196,136,C,0.7817
196,143,A,0.9673
196,149,A,0.9085
196,161,B,0.8741
196,171,C,0.7537
196,172,B,0.8900
196,174,B,0.8369
196,179,B,0.8651
196,181,A,0.9131
196,198,A,0.9700
196,209,B,0.8721
197,10,B,0.8838
197,28,B,0.8471
197,34,B,0.8440
197,63,A,0.9065
197,68,A,0.9580
197,72,B,0.8421
197,79,A,0.9823
197,95,A,0.9555
197,99,B,0.8414
197,100,C,0.7178
197,101,A,0.9238
197,105,B,0.8791
197,123,B,0.8952
197,127,A,0.9223
197,132,B,0.8035
197,154,B,0.8098
197,157,D,0.6962
197,162,C,0.7348
197,168,B,0.8260
197,200,C,0.7539
197,201,A,0.9429
197,208,A,0.9695
197,210,B,0.8506
198,18,A,0.9816
198,22,B,0.8396
198,37,C,0.7655
198,39,B,0.8789
198,78,A,0.9094
198,84,B,0.8718
198,89,A,0.9917
198,90,A,0.9769
198,93,A,0.9871
198,102,B,0.8742
198,128,A,0.9653
198,138,B,0.8514
198,147,B,0.8216
198,173,C,0.7709
198,180,C,0.7412
198,193,A,0.9316
198,203,C,0.7662
199,5,C,0.7950
199,9,B,0.8342
199,11,C,0.7756
199,13,B,0.8906
199,19,C,0.7357
199,24,A,0.9808
199,32,A,0.9122
199,33,A,0.9208
199,38,C,0.7886
199,52,C,0.7340
199,59,C,0.7871
199,71,C,0.7489
199,91,A,0.9313
199,96,C,0.7263
199,107,D,0.6827
199,108,B,0.8033
199,111,A,0.9797
199,114,C,0.7714
199,115,B,0.8194
199,118,A,0.9405
199,129,B,0.8490
199,133,A,0.9919
199,134,C,0.7932
199,135,C,0.7449
199,139,C,0.7536
199,151,A,0.9814
199,152,C,0.7248
199,153,B,0.8169
199,156,C,0.7746
199,163,A,0.9518
199,164,C,0.7992
199,191,A,0.9414
200,4,B,0.8405
200,16,A,0.9195
200,23,A,0.9105
200,35,C,0.7088
200,48,A,0.9172
200,49,B,0.8346
200,50,C,0.7574
200,60,A,0.9555
200,64,B,0.8833
200,76,A,0.9559
200,120,B,0.8598
200,124,B,0.8417
200,126,A,0.9400
200,165,C,0.7709
200,176,B,0.8729
200,183,A,0.9229
200,186,C,0.7805
200,192,A,0.9262
200,204,A,0.9920
200,211,B,0.8719
201,14,C,0.7500
201,25,A,0.9396
201,40,B,0.8084
201,44,A,0.9129
201,47,A,0.9159
201,54,C,0.7544
201,62,B,0.8132
201,77,A,0.9383
201,82,A,0.9570
201,83,D,0.6855
201,103,B,0.8826
201,113,B,0.8986
201,146,C,0.7180
201,158,A,0.9891
201,160,B,0.8125
201,166,A,0.9552
201,167,C,0.7980
201,185,B,0.8487
201,188,D,0.6798
201,190,C,0.7208
201,194,C,0.7826
202,1,C,0.7418
202,7,C,0.7029
202,26,D,0.6797
202,29,C,0.7212
202,30,A,0.9054
202,31,B,0.8819
202,36,D,0.6898
202,51,D,0.6331
202,65,B,0.8634
202,80,A,0.9066
202,88,B,0.8921
202,92,D,0.6216
202,97,B,0.8307
202,106,D,0.6469
202,117,C,0.7106
202,141,A,0.9259
202,148,B,0.8666
202,159,B,0.8334
202,175,A,0.9914
202,177,A,0.9032
202,195,C,0.7226
202,205,B,0.8582
203,7,B,0.8211
203,11,A,0.9796
203,27,B,0.8373
203,34,A,0.9009
203,36,C,0.7672
203,67,D,0.6608
203,99,B,0.8331
203,102,A,0.9282
203,106,A,0.9079
203,129,A,0.9535
203,161,B,0.8936
203,166,A,0.9022
203,174,B,0.8537
203,182,C,0.7417
203,192,B,0.8445
203,197,B,0.8411
203,198,B,0.8863
203,202,A,0.9217
203,211,C,0.7096
204,10,B,0.8336
204,13,B,0.8472
204,18,B,0.8469
204,62,A,0.9468
204,83,A,0.9887
204,95,B,0.8919
204,104,C,0.7406
204,114,A,0.9795
204,117,A,0.9805
204,127,B,0.8191
204,128,B,0.8318
204,141,A,0.9566
204,157,C,0.7670
204,179,A,0.9218
204,191,C,0.7657
204,194,C,0.7702
204,195,A,0.9128
205,15,B,0.8039
205,16,B,0.8236
205,21,C,0.7899
205,22,A,0.9785
205,42,B,0.8940
205,59,B,0.8296
205,68,C,0.7913
205,90,A,0.9793
205,98,A,0.9281
205,122,B,0.8849
205,134,D,0.6766
205,136,D,0.6924
205,153,A,0.9554
205,159,B,0.8472
205,175,A,0.9513
205,180,C,0.7979
205,184,A,0.9691
205,189,C,0.7959
205,206,B,0.8519
206,20,C,0.7235
206,29,C,0.7007
206,30,A,0.9551
206,37,A,0.9846
206,41,B,0.8910
206,44,B,0.8924
206,50,B,0.8072
206,54,A,0.9538
206,71,B,0.8028
206,75,D,0.6538
206,93,B,0.8247
206,107,A,0.9912
206,130,B,0.8482
206,133,C,0.7334
206,140,A,0.9160
206,143,C,0.7771
206,152,A,0.9270
206,181,D,0.6954
207,1,A,0.9135
207,8,A,0.9794
207,23,A,0.9274
207,28,A,0.9369
207,31,A,0.9392
207,55,C,0.7291
207,56,B,0.8146
207,74,A,0.9870
207,103,B,0.8762
207,105,A,0.9130
207,116,A,0.9643
207,121,B,0.8821
207,135,B,0.8108
207,144,F,0.5905
207,154,C,0.7378
207,155,B,0.8607
207,167,B,0.8227
207,169,A,0.9889
207,183,C,0.7598
207,190,B,0.8534
207,201,C,0.7058
207,203,B,0.8864
208,3,B,0.8001
208,19,B,0.8018
208,48,B,0.8824
208,61,A,0.9596
208,79,A,0.9540
208,84,D,0.6767
208,86,B,0.8477
208,88,B,0.8735
208,132,B,0.8743
208,149,A,0.9041
208,158,B,0.8294
208,160,D,0.6710
208,162,C,0.7381
208,164,C,0.7335
208,168,C,0.7615
208,186,C,0.7603
208,188,B,0.8438
208,199,B,0.8085
209,6,A,0.9386
209,33,B,0.8508
209,66,A,0.9343
209,73,A,0.9151
209,89,A,0.9356
209,100,A,0.9303
209,110,C,0.7255
209,111,B,0.8731
209,115,C,0.7165
209,118,C,0.7601
209,120,B,0.8762
209,124,A,0.9174
209,125,B,0.8222
209,139,B,0.8987
209,146,C,0.7877
209,150,A,0.9558
209,151,C,0.7810
209,170,B,0.8059
209,173,A,0.9981
209,200,B,0.8888
210,9,B,0.8390
210,32,D,0.6921
210,35,B,0.8551
210,45,B,0.8330
210,52,C,0.7478
210,58,C,0.7477
210,60,A,0.9018
210,72,B,0.8443
210,82,A,0.9001
210,96,C,0.7690
210,113,C,0.7132
210,131,C,0.7404
210,142,A,0.9157
210,148,B,0.8312
210,163,A,0.9880
210,165,A,0.9532
210,196,B,0.8074
211,26,B,0.8071
211,38,A,0.9371
211,40,A,0.9512
211,57,A,0.9840
211,91,A,0.9102
211,109,A,0.9334
211,145,A,0.9005
211,147,A,0.9725
211,172,B,0.8466
211,178,D,0.6910
211,207,A,0.9163
212,12,A,0.9291
212,24,B,0.8309
212,39,B,0.8637
212,47,C,0.7634
212,63,A,0.9837
212,65,A,0.9120
212,70,C,0.7476
212,76,C,0.7205
212,77,B,0.8122
212,78,B,0.8195
212,85,C,0.7935
212,87,D,0.6708
212,92,B,0.8628
212,97,A,0.9064
212,137,A,0.9037
212,176,C,0.7407
212,185,B,0.8402
212,205,A,0.9546
212,210,C,0.7085
212,212,A,0.9226
213,2,A,0.9073
213,4,C,0.7207
213,5,C,0.7937
213,14,A,0.9813
213,17,C,0.7703
213,25,A,0.9561
213,49,A,0.9243
213,51,A,0.9869
213,53,B,0.8973
213,81,C,0.7454
213,94,A,0.9027
213,101,D,0.6887
213,108,B,0.8281
213,119,B,0.8049
213,123,A,0.9117
213,187,A,0.9307
213,208,C,0.7767
214,43,A,0.9135
214,46,A,0.9099
214,64,C,0.7243
214,69,A,0.9189
214,80,B,0.8123
214,112,A,0.9200
214,126,A,0.9182
214,138,A,0.9476
214,156,B,0.8517
214,171,B,0.8755
214,177,A,0.9001
214,193,A,0.9824
214,204,B,0.8147
214,209,B,0.8383
215,22,B,0.8144
215,34,C,0.7377
215,53,B,0.8928
215,54,B,0.8982
215,59,A,0.9124
215,61,C,0.7771
215,66,C,0.7836
215,69,C,0.7336
215,79,C,0.7757
215,84,C,0.7946
215,93,A,0.9320
215,110,B,0.8481
215,114,A,0.9187
215,121,A,0.9114
215,127,A,0.9420
215,132,A,0.9898
215,133,A,0.9350
215,162,C,0.7818
215,168,B,0.8121
215,191,B,0.8001
215,208,D,0.6339
216,9,C,0.7741
216,28,A,0.9831
216,33,A,0.9048
216,42,B,0.8973
216,89,B,0.8373
216,90,A,0.9641
216,91,A,0.9506
216,94,A,0.9429
216,100,C,0.7573
216,108,B,0.8912
216,109,A,0.9448
216,111,C,0.7122
216,125,D,0.6967
216,130,B,0.8150
216,134,A,0.9596
216,153,A,0.9013
216,154,A,0.9196
216,155,B,0.8167
216,161,D,0.6473
216,175,B,0.8527
216,176,C,0.7736
216,177,B,0.8913
216,178,D,0.6674
216,185,B,0.8411
216,199,A,0.9343
216,202,A,0.9511
216,203,B,0.8580
216,209,C,0.7561
217,3,A,0.9973
217,7,A,0.9137
217,13,B,0.8556
217,36,B,0.8918
217,40,C,0.7723
217,49,B,0.8854
217,57,B,0.8096
217,104,B,0.8911
217,129,B,0.8719
217,138,C,0.7723
217,140,A,0.9062
217,145,C,0.7651
217,165,B,0.8035
217,167,A,0.9523
217,172,B,0.8471
217,182,A,0.9130
217,183,B,0.8298
217,184,C,0.7315
217,187,A,0.9638
217,193,A,0.9129
217,195,C,0.7883
217,205,A,0.9802
217,212,A,0.9109
218,14,B,0.8231
218,25,B,0.8144
218,32,C,0.7902
218,43,C,0.7434
218,73,B,0.8727
218,74,C,0.7076
218,97,A,0.9973
218,102,B,0.8273
218,103,B,0.8236
218,107,A,0.9024
218,118,A,0.9072
218,126,A,0.9003
218,139,A,0.9402
218,141,B,0.8772
218,142,B,0.8194
218,149,B,0.8704
218,160,A,0.9329
218,166,A,0.9055
218,171,C,0.7647
218,179,B,0.8284
218,181,A,0.9394
218,189,A,0.9299
218,194,C,0.7649
218,201,B,0.8482
219,8,B,0.8981
219,11,A,0.9747
219,15,B,0.8132
219,16,B,0.8535
219,26,C,0.7187
219,35,B,0.8305
219,41,B,0.8498
219,48,B,0.8830
219,55,B,0.8747
219,76,B,0.8179
219,82,A,0.9205
219,85,A,0.9147
219,98,B,0.8980
219,101,A,0.9946
219,148,A,0.9588
219,156,A,0.9745
219,163,B,0.8391
219,169,A,0.9450
219,180,B,0.8520
219,207,B,0.8580
220,1,B,0.8681
220,5,B,0.8976
220,24,C,0.7630
220,58,A,0.9778
220,60,A,0.9206
220,62,C,0.7864
220,63,D,0.6850
220,68,D,0.6776
220,78,C,0.7782
220,81,A,0.9670
220,86,A,0.9732
220,92,B,0.8172
220,105,C,0.7640
220,115,A,0.9783
220,120,C,0.7579
220,123,A,0.9134
220,128,A,0.9133
220,151,C,0.7195
220,157,A,0.9984
220,159,A,0.9355
220,174,B,0.8039
220,200,A,0.9577
220,210,B,0.8084
221,18,A,0.9906
221,20,A,0.9421
221,23,A,0.9205
221,27,D,0.6983
221,29,A,0.9502
221,44,D,0.6705
221,45,A,0.9106
221,56,A,0.9269
221,64,C,0.7002
221,70,A,0.9715
221,75,C,0.7934
221,99,A,0.9837
221,112,A,0.9524
221,117,C,0.7371
221,152,B,0.8550
221,158,B,0.8866
221,170,B,0.8654
221,173,A,0.9073
221,186,C,0.7038
221,192,A,0.9783
221,197,C,0.7828
222,2,C,0.7920
222,6,A,0.9333
222,12,A,0.9065
222,17,C,0.7715
222,21,A,0.9197
222,30,A,0.9946
222,37,A,0.9154
222,46,B,0.8492
222,50,B,0.8166
222,71,A,0.9299
222,72,C,0.7272
222,80,B,0.8234
222,88,C,0.7357
222,95,B,0.8282
222,116,A,0.9168
222,131,B,0.8355
222,135,B,0.8597
222,136,B,0.8685
222,137,D,0.6391
222,146,A,0.9239
222,164,B,0.8291
222,190,B,0.8802
222,198,A,0.9644
222,204,B,0.8686
223,4,D,0.6784
223,10,A,0.9563
223,19,A,0.9231
223,31,A,0.9426
223,38,A,0.9083
223,39,C,0.7438
223,47,C,0.7927
223,51,D,0.6323
223,52,C,0.7196
223,65,C,0.7637
223,67,B,0.8675
223,77,D,0.6737
223,83,A,0.9505
223,87,B,0.8302
223,96,A,0.9118
223,106,D,0.6586
223,113,A,0.9846
223,119,C,0.7648
223,122,B,0.8106
223,124,A,0.9211
223,143,A,0.9204
223,144,B,0.8864
223,147,C,0.7747
223,150,A,0.9058
223,188,C,0.7525
223,196,C,0.7141
223,206,D,0.6392
223,211,A,0.9623
224,2,B,0.8234
224,17,B,0.8944
224,24,A,0.9496
224,41,B,0.8179
224,49,B,0.8476
224,58,B,0.8063
224,81,A,0.9472
224,88,A,0.9536
224,90,C,0.7446
224,102,A,0.9611
224,107,B,0.8383
224,117,A,0.9345
224,129,C,0.7717
224,141,B,0.8008
224,145,B,0.8362
224,150,A,0.9274
224,162,C,0.7541
224,164,A,0.9820
224,166,C,0.7813
224,170,A,0.9111
224,173,B,0.8244
224,181,B,0.8582
224,196,B,0.8691
224,199,B,0.8197
224,209,D,0.6981
224,211,A,0.9292
225,5,B,0.8440
225,19,A,0.9255
225,25,B,0.8252
225,26,A,0.9476
225,53,B,0.8176
225,56,D,0.6808
225,57,B,0.8619
225,60,C,0.7175
225,63,A,0.9116
225,67,B,0.8403
225,78,B,0.8128
225,79,B,0.8270
225,93,B,0.8676
225,108,B,0.8292
225,109,D,0.6797
225,110,B,0.8480
225,122,B,0.8923
225,146,B,0.8541
225,149,C,0.7979
225,153,B,0.8199
225,154,B,0.8799
225,156,C,0.7881
225,157,C,0.7542
225,158,C,0.7214
225,179,B,0.8581
225,186,A,0.9645
225,203,A,0.9328
225,206,B,0.8524
226,8,A,0.9443
226,11,A,0.9366
226,14,A,0.9932
226,20,A,0.9414
226,34,A,0.9419
226,37,C,0.7959
226,39,A,0.9988
226,42,B,0.8180
226,45,C,0.7309
226,54,A,0.9408
226,61,B,0.8455
226,65,B,0.8366
226,70,B,0.8097
226,71,C,0.7770
226,87,B,0.8108
226,89,D,0.6422
226,91,B,0.8682
226,116,A,0.9542
226,119,A,0.9715
226,132,A,0.9791
226,134,A,0.9250
226,137,B,0.8133
226,140,B,0.8571
226,143,B,0.8246
226,163,B,0.8689
226,165,B,0.8416
226,167,A,0.9526
226,171,C,0.7032
226,174,B,0.8270
226,175,A,0.9618
226,189,B,0.8066
226,192,B,0.8290
226,195,C,0.7256
226,200,A,0.9744
226,205,B,0.8758
226,207,C,0.7359
227,16,C,0.7333
227,18,D,0.6598
227,30,A,0.9142
227,32,B,0.8590
227,44,B,0.8870
227,47,A,0.9062
227,51,C,0.7946
227,52,B,0.8245
227,74,B,0.8384
227,82,B,0.8768
227,95,C,0.7974
227,121,B,0.8959
227,125,A,0.9423
227,133,D,0.6950
227,142,B,0.8457
227,159,B,0.8904
227,168,A,0.9160
227,169,C,0.7191
227,177,A,0.9683
227,190,B,0.8544
227,193,A,0.9124
228,12,A,0.9011
228,35,A,0.9128
228,43,A,0.9088
228,59,A,0.9385
228,69,A,0.9063
228,75,B,0.8910
228,76,C,0.7477
228,85,B,0.8440
228,86,C,0.7678
228,96,B,0.8985
228,106,C,0.7370
228,124,A,0.9017
228,130,A,0.9348
228,135,B,0.8614
228,144,A,0.9136
228,172,C,0.7789
228,176,C,0.7701
228,182,A,0.9490
228,187,B,0.8681
229,7,B,0.8275
229,40,B,0.8047
229,46,A,0.9919
229,72,A,0.9461
229,73,C,0.7332
229,84,C,0.7595
229,94,B,0.8556
229,128,A,0.9804
229,131,A,0.9461
229,152,D,0.6669
229,161,A,0.9049
229,180,B,0.8377
229,183,A,0.9125
229,188,A,0.9146
229,198,A,0.9021
229,201,D,0.6210
230,13,B,0.8601
230,15,A,0.9166
230,21,D,0.6235
230,23,A,0.9858
230,28,B,0.8612
230,48,D,0.6825
230,55,B,0.8569
230,92,C,0.7934
230,97,A,0.9932
230,111,A,0.9252
230,114,B,0.8311
230,120,B,0.8839
230,123,A,0.9789
230,126,B,0.8881
230,127,C,0.7766
230,148,B,0.8262
230,185,B,0.8767
230,191,B,0.8696
230,197,B,0.8871
230,204,A,0.9275
230,208,A,0.9961
231,1,C,0.7366
231,4,C,0.7112
231,10,A,0.9804
231,22,A,0.9724
231,38,C,0.7507
231,66,A,0.9021
231,68,A,0.9522
231,83,C,0.7888
231,100,B,0.8097
231,104,B,0.8864
231,112,A,0.9052
231,115,A,0.9147
231,118,D,0.6766
231,136,B,0.8917
231,139,A,0.9355
231,147,C,0.7196
231,184,C,0.7463
231,194,C,0.7860
231,202,A,0.9092
231,210,C,0.7975
232,3,C,0.7001
232,6,B,0.8208
232,9,B,0.8269
232,27,C,0.7907
232,29,A,0.9396
232,31,C,0.7567
232,33,A,0.9630
232,36,C,0.7651
232,50,B,0.8102
232,62,B,0.8479
232,64,B,0.8292
232,77,A,0.9585
232,80,A,0.9453
232,98,C,0.7387
232,99,B,0.8596
232,101,A,0.9531
232,103,B,0.8062
232,105,D,0.6381
232,113,C,0.7425
232,138,A,0.9393
232,151,C,0.7116
232,155,B,0.8334
232,160,B,0.8684
232,178,A,0.9029
232,212,B,0.8287
233,32,A,0.9350
233,47,B,0.8600
233,49,B,0.8505
233,60,A,0.9340
233,62,C,0.7992
233,79,B,0.8762
233,84,B,0.8010
233,85,B,0.8036
233,91,C,0.7101
233,93,B,0.8496
233,106,C,0.7367
233,107,B,0.8900
233,122,B,0.8274
233,144,C,0.7448
233,145,B,0.8137
233,159,B,0.8374
233,164,A,0.9989
233,170,B,0.8690
233,187,B,0.8323
233,191,B,0.8913
234,1,A,0.9406
234,4,A,0.9004
234,9,B,0.8645
234,24,B,0.8744
234,30,C,0.7124
234,44,B,0.8206
234,51,A,0.9039
234,68,B,0.8262
234,72,C,0.7926
234,74,B,0.8954
234,78,A,0.9388
234,105,A,0.9953
234,108,D,0.6802
234,110,B,0.8860
234,120,A,0.9978
234,126,A,0.9350
234,134,B,0.8812
234,135,A,0.9456
234,138,B,0.8147
234,178,A,0.9999
234,185,B,0.8812
234,201,D,0.6458
234,205,B,0.8300
234,210,A,0.9230
234,211,A,0.9035
235,10,A,0.9254
235,17,A,0.9224
235,22,A,0.9590
235,36,C,0.7194
235,42,B,0.8479
235,53,B,0.8249
235,54,B,0.8402
235,64,A,0.9238
235,70,C,0.7874
235,71,C,0.7889
235,77,B,0.8710
235,94,C,0.7403
235,103,A,0.9495
235,124,A,0.9873
235,129,B,0.8202
235,150,A,0.9080
235,155,B,0.8664
235,176,A,0.9061
235,193,D,0.6989
235,203,C,0.7665
236,3,A,0.9244
236,7,B,0.8084
236,18,B,0.8041
236,40,B,0.8665
236,50,A,0.9818
236,59,C,0.7966
236,80,C,0.7713
236,90,B,0.8575
236,92,A,0.9022
236,127,B,0.8646
236,130,C,0.7898
236,132,B,0.8356
236,139,C,0.7675
236,151,B,0.8577
236,158,B,0.8259
236,160,C,0.7923
236,162,A,0.9884
236,182,A,0.9205
236,188,A,0.9444
236,198,B,0.8614
236,202,B,0.8059
237,19,A,0.9480
237,52,C,0.7376
237,69,B,0.8878
237,75,B,0.8393
237,82,B,0.8607
237,116,B,0.8891
237,128,B,0.8056
237,142,C,0.7460
237,143,C,0.7973
237,149,C,0.7812
237,165,A,0.9001
237,174,B,0.8498
237,199,B,0.8771
237,207,B,0.8928
237,209,A,0.9587
238,27,A,0.9387
238,28,B,0.8690
238,43,A,0.9058
238,57,C,0.7840
238,76,C,0.7911
238,96,C,0.7870
238,98,A,0.9085
238,99,A,0.9644
238,101,C,0.7986
238,112,D,0.6724
238,146,C,0.7396
238,147,B,0.8760
238,196,A,0.9411
239,5,A,0.9863
239,11,D,0.6987
239,14,C,0.7169
239,26,B,0.8630
239,41,A,0.9626
239,46,B,0.8682
239,58,A,0.9002
239,61,C,0.7862
239,63,A,0.9500
239,100,B,0.8847
239,102,A,0.9319
239,109,B,0.8965
239,114,B,0.8564
239,115,C,0.7564
239,123,A,0.9099
239,131,B,0.8400
239,140,D,0.6702
239,179,B,0.8593
239,183,B,0.8521
239,184,B,0.8442
240,13,A,0.9153
240,23,B,0.8867
240,34,B,0.8557
240,48,C,0.7660
240,55,B,0.8370
240,65,A,0.9611
240,66,B,0.8178
240,133,B,0.8346
240,148,B,0.8084
240,153,B,0.8351
240,163,B,0.8017
240,169,B,0.8823
240,180,B,0.8338
240,192,B,0.8466
240,194,A,0.9512
240,208,A,0.9833
241,6,A,0.9183
241,8,C,0.7927
241,12,A,0.9047
241,21,C,0.7686
241,38,A,0.9137
241,73,C,0.7996
241,88,C,0.7308
241,117,C,0.7793
241,118,C,0.7342
241,136,B,0.8400
241,137,B,0.8990
241,157,B,0.8774
241,168,B,0.8400
241,173,A,0.9461
241,177,A,0.9415
241,189,B,0.8420
241,200,B,0.8002
241,212,A,0.9266
242,25,B,0.8245
242,31,A,0.9136
242,33,B,0.8376
242,39,A,0.9716
242,45,B,0.8468
242,67,B,0.8613
242,86,A,0.9750
242,97,C,0.7756
242,104,B,0.8233
242,113,C,0.7980
242,119,A,0.9551
242,167,B,0.8465
242,172,A,0.9211
242,181,C,0.7671
242,197,A,0.9265
243,2,A,0.9739
243,16,A,0.9567
243,20,B,0.8559
243,29,B,0.8856
243,35,B,0.8413
243,37,D,0.6630
243,56,D,0.6852
243,87,A,0.9453
243,89,C,0.7674
243,95,A,0.9815
243,111,C,0.7821
243,121,A,0.9035
243,125,B,0.8501
243,141,A,0.9800
243,152,B,0.8489
243,156,B,0.8590
243,161,A,0.9543
243,166,C,0.7973
243,171,A,0.9251
243,175,C,0.7182
243,190,B,0.8838
243,195,A,0.9410
243,204,A,0.9213
244,15,A,0.9065
244,81,C,0.7912
244,83,A,0.9531
244,154,C,0.7854
244,186,B,0.8954
244,206,B,0.8384
245,98,B,0.8526
245,110,A,0.9871
245,120,C,0.7028
245,122,B,0.8667
245,132,B,0.8185
245,142,B,0.8206
245,203,B,0.8670
245,216,C,0.7731
245,228,C,0.7992
245,231,B,0.8991
245,244,B,0.8422
245,254,B,0.8053
245,262,B,0.8723
246,56,A,0.9055
246,61,A,0.9784
246,72,A,0.9011
246,91,A,0.9373
246,100,B,0.8845
246,106,C,0.7928
246,109,B,0.8217
246,146,A,0.9567
246,154,B,0.8663
246,161,A,0.9640
246,173,D,0.6886
246,197,B,0.8938
246,215,B,0.8622
246,219,A,0.9500
246,241,A,0.9463
246,252,A,0.9623
246,255,A,0.9119
246,261,A,0.9333
247,79,C,0.7794
247,85,B,0.8308
247,86,B,0.8945
247,92,C,0.7466
247,99,B,0.8569
247,113,A,0.9203
247,131,A,0.9487
247,152,C,0.7842
247,158,C,0.7738
247,166,B,0.8212
247,171,A,0.9484
247,172,C,0.7904
247,180,B,0.8450
247,195,B,0.8207
247,198,A,0.9123
247,206,C,0.7825
247,208,B,0.8752
247,211,A,0.9906
247,212,B,0.8260
247,224,A,0.9258
247,225,C,0.7441
247,232,B,0.8561
247,233,A,0.9633
247,239,C,0.7787
247,260,B,0.8499
248,59,B,0.8762
248,68,B,0.8632
248,69,A,0.9783
248,71,C,0.7652
248,73,A,0.9182
248,84,A,0.9748
248,93,C,0.7665
248,102,B,0.8767
248,104,A,0.9159
248,112,B,0.8933
248,121,B,0.8542
248,123,B,0.8804
248,135,B,0.8989
248,139,C,0.7832
248,170,B,0.8291
248,174,B,0.8355
248,184,C,0.7829
248,190,B,0.8743
248,199,B,0.8748
248,226,A,0.9811
248,229,B,0.8257
248,245,C,0.7394
249,60,A,0.9685
249,66,B,0.8501
249,70,B,0.8133
249,77,A,0.9102
249,83,A,0.9312
249,94,B,0.8852
249,108,B,0.8540
249,111,A,0.9347
249,115,A,0.9325
249,117,B,0.8262
249,119,A,0.9798
249,127,A,0.9408
249,137,C,0.7876
249,145,B,0.8406
249,177,C,0.7570
249,181,C,0.7807
249,191,C,0.7762
249,196,B,0.8834
249,202,A,0.9480
249,204,B,0.8091
249,207,A,0.9650
249,209,B,0.8660
249,238,C,0.7662
249,242,A,0.9533
249,249,A,0.9007
250,67,A,0.9338
250,81,B,0.8985
250,87,B,0.8544
250,90,A,0.9240
250,103,A,0.9354
250,105,D,0.6994
250,107,C,0.7053
250,114,B,0.8336
250,126,C,0.7612
250,136,A,0.9861
250,140,C,0.7930
250,147,A,0.9638
250,148,B,0.8333
250,162,A,0.9021
250,210,C,0.7723
250,213,C,0.7970
250,221,A,0.9912
250,230,B,0.8872
250,235,B,0.8216
250,240,B,0.8327
250,246,D,0.6996
250,251,A,0.9553
250,258,B,0.8576
251,58,F,0.5802
251,133,C,0.7045
251,138,C,0.7974
251,157,A,0.9292
251,160,B,0.8427
251,167,B,0.8255
251,175,A,0.9285
251,200,A,0.9150
251,201,A,0.9930
251,218,B,0.8823
252,64,B,0.8648
252,78,B,0.8080
252,124,C,0.7782
252,149,C,0.7430
252,150,B,0.8307
252,159,A,0.9388
252,193,B,0.8551
252,217,C,0.7994
252,222,B,0.8858
252,223,A,0.9165
252,248,A,0.9492
253,55,A,0.9140
253,62,C,0.7901
253,63,B,0.8889
253,74,D,0.6504
253,76,C,0.7599
253,88,A,0.9873
253,96,B,0.8967
253,134,A,0.9414
253,141,C,0.7085
253,143,B,0.8205
253,155,A,0.9333
253,168,C,0.7614
253,227,D,0.6366
253,234,A,0.9340
253,236,C,0.7474
253,237,A,0.9542
253,243,A,0.9508
253,253,A,0.9497
253,259,A,0.9874
254,75,B,0.8354
254,82,B,0.8276
254,97,A,0.9382
254,116,B,0.8002
254,130,A,0.9030
254,153,A,0.9105
254,156,B,0.8085
254,178,B,0.8828
254,179,B,0.8978
254,188,C,0.7999
254,189,A,0.9178
254,220,C,0.7340
254,256,C,0.7739
254,257,B,0.8636
255,65,A,0.9694
255,89,C,0.7762
255,128,A,0.9641
255,129,C,0.7927
255,144,B,0.8997
255,163,A,0.9561
255,164,C,0.7584
255,169,A,0.9118
255,176,B,0.8163
255,185,A,0.9745
255,186,C,0.7795
255,187,A,0.9065
255,214,A,0.9189
255,247,A,0.9138
256,57,B,0.8664
256,80,C,0.7284
256,95,B,0.8132
256,101,C,0.7574
256,118,B,0.8833
256,125,C,0.7459
256,151,A,0.9199
256,165,A,0.9542
256,182,C,0.7676
256,183,C,0.7187
256,192,B,0.8546
256,194,B,0.8126
256,205,B,0.8423
256,250,C,0.7255
257,56,C,0.7211
257,74,A,0.9127
257,79,C,0.7933
257,104,A,0.9034
257,121,B,0.8657
257,126,A,0.9280
257,134,C,0.7527
257,135,C,0.7542
257,143,C,0.7755
257,166,A,0.9240
257,172,B,0.8747
257,192,A,0.9697
257,202,C,0.7864
257,259,A,0.9951
257,261,B,0.8896
258,61,B,0.8148
258,92,A,0.9101
258,96,C,0.7871
258,100,A,0.9649
258,101,A,0.9347
258,129,C,0.7630
258,152,A,0.9729
258,169,C,0.7829
258,173,A,0.9001
258,174,B,0.8590
258,176,A,0.9167
258,186,C,0.7340
258,206,B,0.8520
258,211,A,0.9105
258,212,A,0.9906
258,230,B,0.8782
258,257,A,0.9278
259,57,A,0.9759
259,62,B,0.8572
259,89,D,0.6901
259,90,A,0.9599
259,97,C,0.7324
259,114,A,0.9705
259,124,C,0.7786
259,127,B,0.8259
259,140,B,0.8750
259,175,C,0.7511
259,199,B,0.8611
259,201,C,0.7466
259,214,A,0.9929
259,240,B,0.8176
259,243,C,0.7735
259,248,B,0.8420
260,84,A,0.9892
260,103,B,0.8006
260,106,A,0.9703
260,109,A,0.9843
260,182,B,0.8172
260,188,A,0.9264
260,191,B,0.8941
260,198,A,0.9502
260,217,A,0.9536
260,232,B,0.8971
260,244,B,0.8390
260,249,A,0.9901
260,251,B,0.8707
260,258,A,0.9980
261,72,B,0.8505
261,88,D,0.6431
261,102,C,0.7533
261,105,B,0.8960
261,132,B,0.8526
261,149,D,0.6794
261,185,A,0.9613
261,193,A,0.9525
261,241,A,0.9581
261,246,B,0.8826
262,69,D,0.6723
262,75,B,0.8964
262,95,A,0.9503
262,98,A,0.9062
262,107,B,0.8143
262,122,A,0.9219
262,145,A,0.9203
262,151,B,0.8134
262,159,B,0.8666
262,163,B,0.8223
262,179,A,0.9714
262,184,B,0.8693
262,234,A,0.9165
262,239,D,0.6943
262,260,A,0.9583
263,63,B,0.8895
263,71,B,0.8653
263,78,B,0.8426
263,91,A,0.9092
263,120,A,0.9505
263,131,B,0.8994
263,139,B,0.8218
263,142,A,0.9142
263,155,A,0.9697
263,170,B,0.8814
263,181,B,0.8498
263,197,A,0.9357
263,216,C,0.7822
263,218,C,0.7988
263,219,C,0.7713
263,221,A,0.9054
263,223,A,0.9137
263,231,C,0.7912
263,242,B,0.8649
264,65,B,0.8033
264,86,C,0.7042
264,108,B,0.8176
264,110,A,0.9389
264,113,C,0.7283
264,117,A,0.9266
264,125,C,0.7500
264,146,A,0.9735
264,157,B,0.8092
264,158,B,0.8143
264,177,A,0.9510
264,178,B,0.8632
264,207,C,0.7350
264,209,B,0.8119
265,60,C,0.7108
265,70,A,0.9755
265,80,B,0.8532
265,116,B,0.8855
265,136,D,0.6720
265,137,D,0.6903
265,138,D,0.6810
265,165,C,0.7141
265,187,C,0.7712
265,194,A,0.9961
265,213,C,0.7693
265,220,A,0.9488
265,225,C,0.7422
265,228,C,0.7837
265,233,A,0.9412
265,253,C,0.7969
266,59,C,0.7495
266,64,A,0.9717
266,76,A,0.9064
266,87,D,0.6793
266,123,A,0.9489
266,141,C,0.7061
266,168,A,0.9252
266,183,A,0.9254
266,208,A,0.9081
266,229,C,0.7482
267,58,A,0.9501
267,82,B,0.8922
267,85,C,0.7110
267,93,B,0.8436
267,111,A,0.9572
267,118,C,0.7931
267,154,B,0.8960
267,167,A,0.9672
267,189,B,0.8471
267,195,A,0.9255
267,196,A,0.9078
267,200,C,0.7667
267,222,A,0.9149
267,247,A,0.9487
267,250,C,0.7755
267,254,A,0.9190
268,55,A,0.9103
268,68,A,0.9316
268,73,C,0.7123
268,77,B,0.8868
268,81,A,0.9246
268,99,A,0.9201
268,115,C,0.7151
268,130,C,0.7882
268,171,A,0.9269
268,203,C,0.7816
268,205,C,0.7812
268,224,A,0.9648
268,226,C,0.7623
268,238,B,0.8749
268,252,C,0.7834
269,66,C,0.7214
269,67,C,0.7416
269,94,B,0.8917
269,119,C,0.7932
269,128,F,0.5422
269,133,A,0.9310
269,144,C,0.7790
269,147,C,0.7341
269,156,C,0.7095
269,164,B,0.8503
269,235,B,0.8380
269,236,A,0.9447
269,256,B,0.8934
270,83,A,0.9384
270,112,B,0.8472
270,148,B,0.8531
270,150,B,0.8731
270,153,B,0.8460
270,160,A,0.9247
270,161,A,0.9901
270,162,C,0.7371
270,180,A,0.9285
270,190,B,0.8576
270,204,A,0.9337
270,210,D,0.6488
270,215,B,0.8477
270,227,B,0.8805
270,237,A,0.9528
270,245,B,0.8774
270,255,A,0.9064
270,262,A,0.9171
271,56,A,0.9528
271,79,C,0.7701
271,80,A,0.9044
271,89,C,0.7749
271,91,A,0.9521
271,105,A,0.9374
271,112,C,0.7179
271,157,C,0.7879
271,159,B,0.8499
271,167,C,0.7323
271,191,B,0.8233
271,194,C,0.7946
271,204,A,0.9907
271,205,C,0.7497
271,218,B,0.8053
271,220,B,0.8772
271,225,C,0.7382
271,226,B,0.8355
271,228,A,0.9630
272,62,C,0.7390
272,65,B,0.8541
272,77,A,0.9471
272,82,A,0.9771
272,99,B,0.8716
272,109,B,0.8135
272,123,B,0.8811
272,127,A,0.9112
272,129,B,0.8327
272,138,A,0.9688
272,141,A,0.9716
272,145,A,0.9355
272,149,A,0.9113
272,165,C,0.7718
272,170,B,0.8259
272,177,B,0.8239
272,187,B,0.8600
272,190,B,0.8293
272,197,B,0.8307
272,202,B,0.8248
272,207,C,0.7826
272,211,B,0.8656
272,212,D,0.6991
272,236,B,0.8454
272,237,B,0.8495
272,241,D,0.6296
272,252,C,0.7671
272,254,A,0.9032
272,260,B,0.8562
273,67,D,0.6331
273,70,B,0.8541
273,72,A,0.9312
273,73,B,0.8223
273,83,C,0.7930
273,84,C,0.7699
273,95,B,0.8767
273,102,C,0.7973
273,111,A,0.9288
273,122,A,0.9117
273,134,A,0.9524
273,153,C,0.7064
273,166,C,0.7541
273,169,B,0.8470
273,188,A,0.9042
273,200,A,0.9093
273,201,A,0.9196
273,213,C,0.7656
273,215,A,0.9613
273,221,B,0.8995
273,262,A,0.9785
274,64,C,0.7456
274,86,A,0.9723
274,90,C,0.7587
274,113,B,0.8347
274,116,D,0.6596
274,126,A,0.9391
274,131,A,0.9525
274,135,A,0.9334
274,147,A,0.9097
274,150,A,0.9386
274,162,A,0.9391
274,178,C,0.7758
274,203,B,0.8332
274,232,C,0.7832
274,243,A,0.9682
274,248,A,0.9798
274,261,B,0.8214
275,81,A,0.9349
275,85,C,0.7574
275,94,B,0.8019
275,96,B,0.8796
275,107,B,0.8320
275,110,B,0.8536
275,119,A,0.9586
275,125,A,0.9134
275,128,B,0.8589
275,133,B,0.8724
275,142,B,0.8273
275,143,A,0.9655
275,154,C,0.7666
275,173,A,0.9299
275,176,B,0.8175
275,179,A,0.9488
275,180,B,0.8828
275,229,B,0.8598
275,238,C,0.7806
275,245,B,0.8447
275,246,A,0.9315
275,250,B,0.8201
275,251,B,0.8344
276,58,B,0.8642
276,59,B,0.8183
276,60,B,0.8690
276,87,B,0.8302
276,93,B,0.8275
276,97,B,0.8893
276,103,B,0.8009
276,114,D,0.6952
276,118,A,0.9329
276,121,A,0.9800
276,139,B,0.8037
276,144,C,0.7574
276,168,C,0.7907
276,174,A,0.9894
276,181,B,0.8853
276,184,A,0.9078
276,185,B,0.8413
276,189,B,0.8868
276,192,C,0.7783
276,206,C,0.7158
276,208,A,0.9227
276,209,F,0.5978
276,217,B,0.8900
276,223,A,0.9627
276,235,B,0.8798
276,242,B,0.8554
276,253,B,0.8602
276,256,A,0.9003
276,258,A,0.9002
277,57,B,0.8832
277,71,B,0.8458
277,75,A,0.9321
277,78,B,0.8561
277,88,A,0.9248
277,92,A,0.9277
277,98,C,0.7189
277,100,B,0.8421
277,101,C,0.7863
277,106,B,0.8923
277,115,B,0.8865
277,117,B,0.8720
277,120,B,0.8538
277,124,C,0.7970
277,146,A,0.9065
277,151,A,0.9861
277,152,C,0.7620
277,156,B,0.8199
277,158,B,0.8402
277,171,A,0.9032
277,172,A,0.9510
277,186,B,0.8716
277,199,C,0.7554
277,210,B,0.8950
277,214,B,0.8074
277,219,A,0.9415
277,224,B,0.8158
277,227,B,0.8488
277,234,B,0.8158
277,247,B,0.8356
277,249,A,0.9533
277,259,B,0.8457
278,69,D,0.6823
278,130,C,0.7702
278,132,C,0.7153
278,137,D,0.6925
278,140,B,0.8513
278,148,B,0.8342
278,155,C,0.7546
278,182,B,0.8824
278,183,B,0.8941
278,198,B,0.8201
278,231,A,0.9962
278,240,B,0.8804
278,244,B,0.8761
278,255,B,0.8240
278,257,C,0.7497
279,55,B,0.8346
279,61,A,0.9659
279,63,D,0.6827
279,66,D,0.6568
279,68,A,0.9176
279,74,C,0.7324
279,76,A,0.9443
279,104,C,0.7407
279,108,C,0.7850
279,136,A,0.9945
279,160,C,0.7289
279,161,A,0.9210
279,163,B,0.8718
279,164,A,0.9070
279,175,A,0.9176
279,193,B,0.8258
279,195,C,0.7678
279,196,C,0.7237
279,216,B,0.8957
279,222,A,0.9008
279,230,B,0.8403
279,233,A,0.9005
279,239,B,0.8480
280,55,A,0.9232
280,60,C,0.7504
280,72,C,0.7085
280,76,B,0.8492
280,88,C,0.7741
280,90,C,0.7177
280,96,C,0.7926
280,103,B,0.8385
280,110,B,0.8320
280,117,B,0.8292
280,122,C,0.7806
280,127,B,0.8228
280,140,B,0.8452
280,141,A,0.9581
280,158,A,0.9931
280,173,B,0.8594
280,174,C,0.7722
280,180,C,0.7429
280,193,C,0.7996
280,208,D,0.6327
280,213,A,0.9511
280,218,B,0.8713
280,250,A,0.9267
280,252,A,0.9760
280,253,C,0.7829
280,258,C,0.7608
281,70,A,0.9663
281,71,A,0.9053
281,80,B,0.8964
281,84,B,0.8209
281,97,C,0.7652
281,99,B,0.8976
281,119,A,0.9060
281,124,B,0.8063
281,128,A,0.9606
281,130,D,0.6558
281,136,C,0.7699
281,138,B,0.8982
281,144,B,0.8585
281,148,C,0.7778
281,159,C,0.7719
281,170,A,0.9192
281,172,A,0.9533
281,175,C,0.7657
281,178,C,0.7757
281,186,A,0.9795
281,200,A,0.9150
281,222,A,0.9810
281,224,B,0.8418
281,230,C,0.7300
281,234,B,0.8827
281,235,B,0.8871
281,244,C,0.7219
281,259,B,0.8561
282,67,A,0.9026
282,73,A,0.9087
282,75,A,0.9447
282,78,A,0.9097
282,85,A,0.9295
282,92,D,0.6507
282,100,C,0.7456
282,101,A,0.9381
282,105,B,0.8558
282,109,A,0.9919
282,111,C,0.7137
282,114,D,0.6947
282,116,A,0.9487
282,118,B,0.8486
282,123,B,0.8551
282,133,B,0.8051
282,143,C,0.7124
282,150,A,0.9010
282,155,D,0.6824
282,157,B,0.8056
282,164,C,0.7390
282,167,B,0.8062
282,168,D,0.6822
282,169,B,0.8112
282,171,A,0.9033
282,185,A,0.9421
282,187,A,0.9163
282,201,C,0.7321
282,209,B,0.8766
282,220,B,0.8962
282,221,A,0.9332
282,249,A,0.9083
282,255,C,0.7937
282,257,A,0.9076
282,260,B,0.8506
283,57,B,0.8783
283,62,B,0.8094
283,65,A,0.9128
283,74,D,0.6727
283,77,A,0.9005
283,93,A,0.9919
283,94,C,0.7206
283,112,A,0.9395
283,115,A,0.9430
283,121,A,0.9563
283,126,B,0.8951
283,131,A,0.9682
283,146,D,0.6740
283,147,B,0.8439
283,154,B,0.8993
283,156,D,0.6823
283,160,B,0.8329
283,165,A,0.9524
283,166,A,0.9251
283,188,C,0.7448
283,189,B,0.8762
283,190,B,0.8349
283,229,A,0.9388
283,231,C,0.7755
283,232,B,0.8045
283,236,C,0.7427
283,245,C,0.7799
283,251,B,0.8308
283,261,B,0.8215
284,68,B,0.8937
284,79,B,0.8491
284,104,A,0.9244
284,125,C,0.7809
284,135,C,0.7701
284,142,A,0.9332
284,151,B,0.8215
284,176,B,0.8462
284,181,A,0.9622
284,183,C,0.7501
284,184,D,0.6857
284,192,B,0.8041
284,197,A,0.9231
284,198,A,0.9153
284,203,D,0.6460
284,204,A,0.9303
284,207,B,0.8194
284,212,C,0.7839
284,214,C,0.7991
284,226,B,0.8944
284,237,C,0.7782
284,238,A,0.9276
284,239,B,0.8527
284,243,B,0.8719
284,248,B,0.8922
284,256,B,0.8822
285,58,C,0.7329
285,59,A,0.9194
285,63,B,0.8765
285,66,B,0.8180
285,81,C,0.7703
285,89,B,0.8614
285,91,C,0.7990
285,95,A,0.9851
285,102,A,0.9650
285,106,B,0.8595
285,108,A,0.9846
285,129,C,0.7968
285,132,A,0.9612
285,137,A,0.9024
285,149,C,0.7739
285,161,B,0.8347
285,179,A,0.9072
285,182,A,0.9660
285,191,B,0.8166
285,194,C,0.7967
285,196,A,0.9721
285,202,A,0.9349
285,205,A,0.9357
285,211,C,0.7422
285,215,C,0.7951
285,219,A,0.9102
285,223,A,0.9624
285,225,A,0.9138
285,227,A,0.9497
285,228,B,0.8658
285,233,B,0.8368
285,246,A,0.9055
285,247,A,0.9657
285,254,B,0.8539
286,56,A,0.9598
286,61,B,0.8983
286,64,B,0.8873
286,69,D,0.6856
286,82,A,0.9730
286,83,C,0.7285
286,86,F,0.5560
286,87,B,0.8109
286,98,A,0.9293
286,107,C,0.7566
286,113,C,0.7654
286,120,D,0.6869
286,134,C,0.7926
286,139,B,0.8732
286,145,A,0.9773
286,152,C,0.7589
286,153,A,0.9314
286,162,B,0.8540
286,163,A,0.9075
286,177,C,0.7926
286,195,B,0.8518
286,199,C,0.7579
286,206,C,0.7397
286,210,B,0.8933
286,216,A,0.9981
286,217,A,0.9172
286,240,B,0.8258
286,241,A,0.9031
286,242,B,0.8074
286,262,C,0.7795
287,89,A,0.9141
287,129,B,0.8774
287,134,D,0.6618
287,144,C,0.7944
287,159,A,0.9246
287,174,A,0.9349
287,178,C,0.7267
287,203,C,0.7592
287,207,B,0.8706
287,208,A,0.9564
287,211,B,0.8615
287,213,D,0.6923
287,225,A,0.9007
287,226,B,0.8171
287,234,A,0.9294
287,252,C,0.7700
287,256,A,0.9247
287,259,C,0.7839
287,262,B,0.8831
288,63,A,0.9090
288,74,A,0.9318
288,76,B,0.8412
288,85,A,0.9095
288,91,C,0.7463
288,98,B,0.8325
288,104,B,0.8834
288,125,A,0.9485
288,126,D,0.6970
288,130,A,0.9008
288,137,A,0.9787
288,140,B,0.8176
288,147,A,0.9364
288,151,A,0.9288
288,152,B,0.8862
288,156,A,0.9655
288,158,B,0.8820
288,163,A,0.9051
288,164,B,0.8863
288,179,A,0.9696
288,183,C,0.7107
288,184,C,0.7596
288,185,A,0.9456
288,195,A,0.9218
288,198,B,0.8801
288,202,C,0.7996
288,210,B,0.8227
288,214,D,0.6836
288,219,B,0.8030
288,227,B,0.8916
288,231,C,0.7486
288,243,B,0.8579
288,244,A,0.9470
288,245,C,0.7906
288,247,C,0.7519
288,250,D,0.6895
288,255,B,0.8813
289,62,B,0.8017
289,71,B,0.8325
289,72,B,0.8761
289,78,A,0.9089
289,80,C,0.7774
289,83,A,0.9040
289,90,C,0.7107
289,92,A,0.9530
289,97,C,0.7547
289,105,B,0.8093
289,108,B,0.8996
289,117,C,0.7630
289,118,B,0.8649
289,133,A,0.9442
289,135,C,0.7367
289,143,D,0.6788
289,154,B,0.8366
289,170,B,0.8745
289,175,C,0.7430
289,176,C,0.7653
289,177,A,0.9333
289,191,B,0.8291
289,197,A,0.9289
289,201,A,0.9550
289,206,A,0.9322
289,209,A,0.9384
289,221,B,0.8667
289,223,C,0.7874
289,229,C,0.7407
289,235,B,0.8729
289,238,C,0.7899
289,258,C,0.7042
289,261,A,0.9851
290,57,B,0.8038
290,67,D,0.6990
290,73,A,0.9614
290,75,C,0.7034
290,81,A,0.9248
290,88,C,0.7087
290,94,C,0.7257
290,96,B,0.8600
290,107,A,0.9255
290,111,B,0.8935
290,112,C,0.7425
290,123,C,0.7716
290,124,A,0.9175
290,138,D,0.6999
290,145,B,0.8034
290,153,A,0.9566
290,161,C,0.7896
290,162,A,0.9595
290,169,A,0.9874
290,171,C,0.7630
290,173,C,0.7026
290,193,B,0.8897
290,222,A,0.9565
290,246,C,0.7611
291,56,A,0.9231
291,58,A,0.9101
291,61,A,0.9051
291,64,B,0.8765
291,69,C,0.7880
291,70,A,0.9898
291,93,A,0.9402
291,99,B,0.8479
291,101,C,0.7374
291,115,B,0.8312
291,116,B,0.8831
291,149,B,0.8707
291,150,B,0.8613
291,157,B,0.8184
291,160,B,0.8960
291,166,B,0.8481
291,180,C,0.7671
291,187,C,0.7771
291,192,C,0.7869
291,196,A,0.9833
291,200,B,0.8695
291,205,C,0.7030
291,220,C,0.7098
291,224,C,0.7392
291,228,A,0.9007
291,239,A,0.9099
291,240,B,0.8747
291,249,A,0.9865
291,254,B,0.8982
292,59,C,0.7249
292,65,B,0.8246
292,68,D,0.6984
292,82,A,0.9508
292,84,C,0.7128
292,87,B,0.8973
292,95,A,0.9233
292,103,B,0.8219
292,110,C,0.7317
292,113,D,0.6939
292,114,B,0.8409
292,119,B,0.8657
292,120,B,0.8063
292,122,C,0.7929
292,127,A,0.9042
292,128,B,0.8333
292,132,D,0.6307
292,142,B,0.8081
292,148,B,0.8889
292,167,B,0.8222
292,168,A,0.9744
292,172,A,0.9180
292,182,C,0.7905
292,186,B,0.8593
292,188,B,0.8124
292,199,B,0.8528
292,204,C,0.7354
292,212,C,0.7877
292,218,B,0.8945
292,232,B,0.8574
292,233,B,0.8115
292,241,C,0.7656
292,251,C,0.7378
292,253,B,0.8587
292,257,C,0.7885
293,55,B,0.8706
293,60,B,0.8337
293,66,A,0.9237
293,77,A,0.9831
293,79,A,0.9124
293,86,D,0.6994
293,100,A,0.9103
293,102,A,0.9429
293,106,B,0.8650
293,109,C,0.7522
293,121,A,0.9626
293,131,B,0.8976
293,136,B,0.8547
293,139,B,0.8024
293,141,C,0.7452
293,146,B,0.8408
293,155,C,0.7139
293,165,A,0.9328
293,181,A,0.9735
293,189,B,0.8570
293,190,B,0.8327
293,194,A,0.9057
293,215,D,0.6892
293,216,B,0.8195
293,217,C,0.7977
293,230,C,0.7643
293,236,A,0.9048
293,237,B,0.8741
293,242,C,0.7826
293,248,A,0.9937
293,260,B,0.8483
294,64,A,0.9451
294,77,B,0.8060
294,90,B,0.8396
294,104,B,0.8638
294,110,D,0.6594
294,111,C,0.7926
294,118,A,0.9024
294,125,A,0.9643
294,126,B,0.8437
294,135,A,0.9275
294,185,A,0.9095
294,195,B,0.8188
294,197,A,0.9271
294,203,D,0.6798
294,219,C,0.7850
294,238,A,0.9396
294,240,B,0.8384
294,245,B,0.8156
294,262,C,0.7192
295,61,A,0.9891
295,63,B,0.8211
295,68,B,0.8718
295,79,C,0.7544
295,82,C,0.7682
295,89,A,0.9500
295,99,A,0.9336
295,106,B,0.8861
295,127,B,0.8543
295,136,C,0.7598
295,140,A,0.9564
295,149,A,0.9176
295,157,B,0.8567
295,165,B,0.8395
295,188,A,0.9275
295,191,A,0.9106
295,202,B,0.8803
295,207,B,0.8676
295,212,B,0.8425
295,214,A,0.9171
295,222,C,0.7467
295,225,B,0.8049
295,230,B,0.8427
295,231,A,0.9005
295,242,A,0.9059
295,244,C,0.7668
295,252,A,0.9159
295,258,C,0.7983
296,55,D,0.6401
296,71,A,0.9623
296,72,A,0.9515
296,73,A,0.9513
296,75,B,0.8679
296,85,B,0.8137
296,92,C,0.7816
296,93,C,0.7111
296,124,A,0.9901
296,128,A,0.9665
296,130,A,0.9255
296,133,B,0.8449
296,159,B,0.8020
296,166,A,0.9191
296,178,A,0.9863
296,179,C,0.7780
296,182,A,0.9513
296,183,A,0.9222
296,186,B,0.8993
296,187,B,0.8970
296,189,A,0.9784
296,193,B,0.8336
296,198,B,0.8543
296,200,B,0.8652
296,210,A,0.9994
296,217,C,0.7119
296,220,C,0.7904
296,224,A,0.9670
296,243,C,0.7844
296,248,B,0.8415
296,255,C,0.7419
297,56,B,0.8562
297,59,D,0.6874
297,65,A,0.9058
297,88,A,0.9831
297,101,B,0.8035
297,103,D,0.6800
297,105,A,0.9054
297,107,A,0.9312
297,108,F,0.5735
297,116,B,0.8141
297,117,B,0.8108
297,120,D,0.6940
297,129,B,0.8810
297,138,B,0.8835
297,143,C,0.7924
297,144,C,0.7594
297,151,C,0.7819
297,158,A,0.9632
297,164,B,0.8303
297,170,B,0.8359
297,177,C,0.7557
297,184,B,0.8525
297,196,B,0.8551
297,199,B,0.8397
297,205,B,0.8011
297,215,C,0.7202
297,227,B,0.8838
297,229,D,0.6656
297,234,B,0.8605
297,237,A,0.9241
297,247,B,0.8684
298,62,A,0.9471
298,67,C,0.7496
298,76,B,0.8854
298,78,A,0.9793
298,80,A,0.9267
298,86,B,0.8921
298,95,C,0.7922
298,96,A,0.9325
298,97,B,0.8180
298,100,C,0.7046
298,109,B,0.8752
298,112,C,0.7647
298,119,C,0.7741
298,121,B,0.8609
298,134,A,0.9071
298,147,A,0.9667
298,148,D,0.6516
298,152,B,0.8021
298,155,A,0.9662
298,161,B,0.8804
298,162,C,0.7372
298,167,A,0.9025
298,173,A,0.9075
298,175,B,0.8279
298,176,C,0.7663
298,180,B,0.8718
298,192,B,0.8874
298,206,D,0.6883
298,208,C,0.7817
298,216,B,0.8100
298,218,C,0.7165
298,221,A,0.9349
298,228,B,0.8659
298,232,B,0.8819
298,235,B,0.8487
298,241,B,0.8924
298,259,A,0.9702
298,261,A,0.9896
299,69,B,0.8375
299,70,C,0.7894
299,81,C,0.7653
299,83,A,0.9068
299,91,A,0.9043
299,98,B,0.8732
299,113,C,0.7865
299,114,C,0.7173
299,115,A,0.9434
299,122,A,0.9278
299,131,B,0.8856
299,139,A,0.9181
299,141,B,0.8217
299,145,B,0.8184
299,150,C,0.7282
299,153,D,0.6591
299,154,A,0.9272
299,156,C,0.7023
299,163,A,0.9710
299,169,A,0.9168
299,181,C,0.7560
299,194,A,0.9052
299,204,B,0.8062
299,213,B,0.8900
299,236,B,0.8245
299,249,B,0.8174
300,57,A,0.9182
300,58,D,0.6486
300,60,B,0.8677
300,66,C,0.7116
300,74,B,0.8805
300,84,A,0.9251
300,87,A,0.9181
300,94,C,0.7195
300,102,B,0.8515
300,123,B,0.8624
300,132,A,0.9505
300,137,A,0.9584
300,142,C,0.7394
300,146,C,0.7624
300,160,B,0.8848
300,168,A,0.9616
300,171,B,0.8172
300,172,A,0.9149
300,174,B,0.8711
300,190,B,0.8220
300,201,B,0.8840
300,209,B,0.8768
300,211,B,0.8498
300,223,A,0.9276
300,226,B,0.8803
300,233,A,0.9865
300,239,A,0.9501
300,246,C,0.7729
300,250,A,0.9575
300,251,D,0.6982
300,253,A,0.9825
300,254,A,0.9278
300,256,B,0.8404
300,257,A,0.9214
300,260,B,0.8498